id,Month,Country,Year,Month_no,Reason_category,Value
0,201505,S92000003,2015,05,TotalOperations,28810
1,201506,S92000003,2015,06,TotalOperations,30941
2,201507,S92000003,2015,07,TotalOperations,27725
3,201508,S92000003,2015,08,TotalOperations,28948
4,201509,S92000003,2015,09,TotalOperations,30938
5,201510,S92000003,2015,10,TotalOperations,31487
6,201511,S92000003,2015,11,TotalOperations,31739
7,201512,S92000003,2015,12,TotalOperations,29706
8,201601,S92000003,2016,01,TotalOperations,28746
9,201602,S92000003,2016,02,TotalOperations,31177
10,201603,S92000003,2016,03,TotalOperations,32113
11,201604,S92000003,2016,04,TotalOperations,29754
12,201605,S92000003,2016,05,TotalOperations,30924
13,201606,S92000003,2016,06,TotalOperations,31785
14,201607,S92000003,2016,07,TotalOperations,26018
15,201608,S92000003,2016,08,TotalOperations,31215
16,201609,S92000003,2016,09,TotalOperations,29574
17,201610,S92000003,2016,10,TotalOperations,29298
18,201611,S92000003,2016,11,TotalOperations,31730
19,201612,S92000003,2016,12,TotalOperations,27153
20,201701,S92000003,2017,01,TotalOperations,27879
21,201702,S92000003,2017,02,TotalOperations,27475
22,201703,S92000003,2017,03,TotalOperations,31796
23,201704,S92000003,2017,04,TotalOperations,24491
24,201705,S92000003,2017,05,TotalOperations,29997
25,201706,S92000003,2017,06,TotalOperations,29298
26,201707,S92000003,2017,07,TotalOperations,24854
27,201708,S92000003,2017,08,TotalOperations,30138
28,201709,S92000003,2017,09,TotalOperations,27487
29,201710,S92000003,2017,10,TotalOperations,28331
30,201711,S92000003,2017,11,TotalOperations,30412
31,201712,S92000003,2017,12,TotalOperations,24294
32,201801,S92000003,2018,01,TotalOperations,27577
33,201802,S92000003,2018,02,TotalOperations,26072
34,201803,S92000003,2018,03,TotalOperations,28715
35,201804,S92000003,2018,04,TotalOperations,26564
36,201805,S92000003,2018,05,TotalOperations,30845
37,201806,S92000003,2018,06,TotalOperations,27884
38,201807,S92000003,2018,07,TotalOperations,25881
39,201808,S92000003,2018,08,TotalOperations,29948
40,201809,S92000003,2018,09,TotalOperations,25960
41,201810,S92000003,2018,10,TotalOperations,30194
42,201811,S92000003,2018,11,TotalOperations,29227
43,201812,S92000003,2018,12,TotalOperations,23994
44,201901,S92000003,2019,01,TotalOperations,29025
45,201902,S92000003,2019,02,TotalOperations,27473
46,201903,S92000003,2019,03,TotalOperations,29415
47,201904,S92000003,2019,04,TotalOperations,26926
48,201905,S92000003,2019,05,TotalOperations,29371
49,201906,S92000003,2019,06,TotalOperations,26706
50,201907,S92000003,2019,07,TotalOperations,26575
51,201908,S92000003,2019,08,TotalOperations,27825
52,201909,S92000003,2019,09,TotalOperations,27230
53,201910,S92000003,2019,10,TotalOperations,28931
54,201911,S92000003,2019,11,TotalOperations,29519
55,201912,S92000003,2019,12,TotalOperations,25567
56,202001,S92000003,2020,01,TotalOperations,28590
57,202002,S92000003,2020,02,TotalOperations,27423
58,202003,S92000003,2020,03,TotalOperations,19971
59,202004,S92000003,2020,04,TotalOperations,3293
60,202005,S92000003,2020,05,TotalOperations,4024
61,202006,S92000003,2020,06,TotalOperations,6862
62,202007,S92000003,2020,07,TotalOperations,11041
63,202008,S92000003,2020,08,TotalOperations,13649
64,202009,S92000003,2020,09,TotalOperations,16857
65,202010,S92000003,2020,10,TotalOperations,17972
66,202011,S92000003,2020,11,TotalOperations,17724
67,202012,S92000003,2020,12,TotalOperations,16547
68,202101,S92000003,2021,01,TotalOperations,11686
69,202102,S92000003,2021,02,TotalOperations,12156
70,202103,S92000003,2021,03,TotalOperations,17551
71,202104,S92000003,2021,04,TotalOperations,18448
72,202105,S92000003,2021,05,TotalOperations,19902
73,202106,S92000003,2021,06,TotalOperations,21812
74,202107,S92000003,2021,07,TotalOperations,19029
75,202108,S92000003,2021,08,TotalOperations,20310
76,202109,S92000003,2021,09,TotalOperations,16964
77,202110,S92000003,2021,10,TotalOperations,16536
78,202111,S92000003,2021,11,TotalOperations,20411
79,202112,S92000003,2021,12,TotalOperations,17634
80,202201,S92000003,2022,01,TotalOperations,15871
81,202202,S92000003,2022,02,TotalOperations,18628
82,202203,S92000003,2022,03,TotalOperations,21816
83,202204,S92000003,2022,04,TotalOperations,18166
84,202205,S92000003,2022,05,TotalOperations,21655
85,202206,S92000003,2022,06,TotalOperations,20884
86,202207,S92000003,2022,07,TotalOperations,19477
87,202208,S92000003,2022,08,TotalOperations,23177
88,202209,S92000003,2022,09,TotalOperations,22223
89,202210,S92000003,2022,10,TotalOperations,22069
90,202211,S92000003,2022,11,TotalOperations,24820
91,202212,S92000003,2022,12,TotalOperations,20168
92,202301,S92000003,2023,01,TotalOperations,20446
93,202302,S92000003,2023,02,TotalOperations,21281
94,202303,S92000003,2023,03,TotalOperations,25177
95,202304,S92000003,2023,04,TotalOperations,19571
96,202305,S92000003,2023,05,TotalOperations,23801
97,202306,S92000003,2023,06,TotalOperations,24118
98,202307,S92000003,2023,07,TotalOperations,21650
99,202308,S92000003,2023,08,TotalOperations,25659
100,202309,S92000003,2023,09,TotalOperations,22937
101,202310,S92000003,2023,10,TotalOperations,23883
102,202311,S92000003,2023,11,TotalOperations,25596
103,202312,S92000003,2023,12,TotalOperations,20558
104,202401,S92000003,2024,01,TotalOperations,23937
105,202402,S92000003,2024,02,TotalOperations,23994
106,202403,S92000003,2024,03,TotalOperations,23600
107,202404,S92000003,2024,04,TotalOperations,23227
108,202405,S92000003,2024,05,TotalOperations,25378
109,202406,S92000003,2024,06,TotalOperations,23051
110,202407,S92000003,2024,07,TotalOperations,23536
111,202408,S92000003,2024,08,TotalOperations,23997
112,202409,S92000003,2024,09,TotalOperations,22584
113,202410,S92000003,2024,10,TotalOperations,24824
114,202411,S92000003,2024,11,TotalOperations,24764
115,202412,S92000003,2024,12,TotalOperations,22073
116,202501,S92000003,2025,01,TotalOperations,23931
117,201505,S92000003,2015,05,TotalOperationsQF,0
118,201506,S92000003,2015,06,TotalOperationsQF,0
119,201507,S92000003,2015,07,TotalOperationsQF,0
120,201508,S92000003,2015,08,TotalOperationsQF,0
121,201509,S92000003,2015,09,TotalOperationsQF,0
122,201510,S92000003,2015,10,TotalOperationsQF,0
123,201511,S92000003,2015,11,TotalOperationsQF,0
124,201512,S92000003,2015,12,TotalOperationsQF,0
125,201601,S92000003,2016,01,TotalOperationsQF,0
126,201602,S92000003,2016,02,TotalOperationsQF,0
127,201603,S92000003,2016,03,TotalOperationsQF,0
128,201604,S92000003,2016,04,TotalOperationsQF,0
129,201605,S92000003,2016,05,TotalOperationsQF,0
130,201606,S92000003,2016,06,TotalOperationsQF,0
131,201607,S92000003,2016,07,TotalOperationsQF,0
132,201608,S92000003,2016,08,TotalOperationsQF,0
133,201609,S92000003,2016,09,TotalOperationsQF,0
134,201610,S92000003,2016,10,TotalOperationsQF,0
135,201611,S92000003,2016,11,TotalOperationsQF,0
136,201612,S92000003,2016,12,TotalOperationsQF,0
137,201701,S92000003,2017,01,TotalOperationsQF,0
138,201702,S92000003,2017,02,TotalOperationsQF,0
139,201703,S92000003,2017,03,TotalOperationsQF,0
140,201704,S92000003,2017,04,TotalOperationsQF,0
141,201705,S92000003,2017,05,TotalOperationsQF,0
142,201706,S92000003,2017,06,TotalOperationsQF,r
143,201707,S92000003,2017,07,TotalOperationsQF,r
144,201708,S92000003,2017,08,TotalOperationsQF,r
145,201709,S92000003,2017,09,TotalOperationsQF,r
146,201710,S92000003,2017,10,TotalOperationsQF,r
147,201711,S92000003,2017,11,TotalOperationsQF,r
148,201712,S92000003,2017,12,TotalOperationsQF,r
149,201801,S92000003,2018,01,TotalOperationsQF,r
150,201802,S92000003,2018,02,TotalOperationsQF,r
151,201803,S92000003,2018,03,TotalOperationsQF,r
152,201804,S92000003,2018,04,TotalOperationsQF,r
153,201805,S92000003,2018,05,TotalOperationsQF,r
154,201806,S92000003,2018,06,TotalOperationsQF,r
155,201807,S92000003,2018,07,TotalOperationsQF,r
156,201808,S92000003,2018,08,TotalOperationsQF,r
157,201809,S92000003,2018,09,TotalOperationsQF,r
158,201810,S92000003,2018,10,TotalOperationsQF,r
159,201811,S92000003,2018,11,TotalOperationsQF,r
160,201812,S92000003,2018,12,TotalOperationsQF,r
161,201901,S92000003,2019,01,TotalOperationsQF,r
162,201902,S92000003,2019,02,TotalOperationsQF,r
163,201903,S92000003,2019,03,TotalOperationsQF,r
164,201904,S92000003,2019,04,TotalOperationsQF,r
165,201905,S92000003,2019,05,TotalOperationsQF,r
166,201906,S92000003,2019,06,TotalOperationsQF,r
167,201907,S92000003,2019,07,TotalOperationsQF,r
168,201908,S92000003,2019,08,TotalOperationsQF,r
169,201909,S92000003,2019,09,TotalOperationsQF,r
170,201910,S92000003,2019,10,TotalOperationsQF,r
171,201911,S92000003,2019,11,TotalOperationsQF,r
172,201912,S92000003,2019,12,TotalOperationsQF,r
173,202001,S92000003,2020,01,TotalOperationsQF,r
174,202002,S92000003,2020,02,TotalOperationsQF,r
175,202003,S92000003,2020,03,TotalOperationsQF,r
176,202004,S92000003,2020,04,TotalOperationsQF,r
177,202005,S92000003,2020,05,TotalOperationsQF,r
178,202006,S92000003,2020,06,TotalOperationsQF,r
179,202007,S92000003,2020,07,TotalOperationsQF,r
180,202008,S92000003,2020,08,TotalOperationsQF,r
181,202009,S92000003,2020,09,TotalOperationsQF,r
182,202010,S92000003,2020,10,TotalOperationsQF,r
183,202011,S92000003,2020,11,TotalOperationsQF,r
184,202012,S92000003,2020,12,TotalOperationsQF,r
185,202101,S92000003,2021,01,TotalOperationsQF,r
186,202102,S92000003,2021,02,TotalOperationsQF,r
187,202103,S92000003,2021,03,TotalOperationsQF,r
188,202104,S92000003,2021,04,TotalOperationsQF,r
189,202105,S92000003,2021,05,TotalOperationsQF,r
190,202106,S92000003,2021,06,TotalOperationsQF,r
191,202107,S92000003,2021,07,TotalOperationsQF,r
192,202108,S92000003,2021,08,TotalOperationsQF,r
193,202109,S92000003,2021,09,TotalOperationsQF,r
194,202110,S92000003,2021,10,TotalOperationsQF,r
195,202111,S92000003,2021,11,TotalOperationsQF,r
196,202112,S92000003,2021,12,TotalOperationsQF,r
197,202201,S92000003,2022,01,TotalOperationsQF,r
198,202202,S92000003,2022,02,TotalOperationsQF,r
199,202203,S92000003,2022,03,TotalOperationsQF,r
200,202204,S92000003,2022,04,TotalOperationsQF,r
201,202205,S92000003,2022,05,TotalOperationsQF,r
202,202206,S92000003,2022,06,TotalOperationsQF,r
203,202207,S92000003,2022,07,TotalOperationsQF,r
204,202208,S92000003,2022,08,TotalOperationsQF,r
205,202209,S92000003,2022,09,TotalOperationsQF,r
206,202210,S92000003,2022,10,TotalOperationsQF,r
207,202211,S92000003,2022,11,TotalOperationsQF,r
208,202212,S92000003,2022,12,TotalOperationsQF,r
209,202301,S92000003,2023,01,TotalOperationsQF,r
210,202302,S92000003,2023,02,TotalOperationsQF,r
211,202303,S92000003,2023,03,TotalOperationsQF,r
212,202304,S92000003,2023,04,TotalOperationsQF,r
213,202305,S92000003,2023,05,TotalOperationsQF,r
214,202306,S92000003,2023,06,TotalOperationsQF,r
215,202307,S92000003,2023,07,TotalOperationsQF,r
216,202308,S92000003,2023,08,TotalOperationsQF,r
217,202309,S92000003,2023,09,TotalOperationsQF,r
218,202310,S92000003,2023,10,TotalOperationsQF,r
219,202311,S92000003,2023,11,TotalOperationsQF,r
220,202312,S92000003,2023,12,TotalOperationsQF,r
221,202401,S92000003,2024,01,TotalOperationsQF,r
222,202402,S92000003,2024,02,TotalOperationsQF,r
223,202403,S92000003,2024,03,TotalOperationsQF,r
224,202404,S92000003,2024,04,TotalOperationsQF,r
225,202405,S92000003,2024,05,TotalOperationsQF,r
226,202406,S92000003,2024,06,TotalOperationsQF,r
227,202407,S92000003,2024,07,TotalOperationsQF,r
228,202408,S92000003,2024,08,TotalOperationsQF,0
229,202409,S92000003,2024,09,TotalOperationsQF,0
230,202410,S92000003,2024,10,TotalOperationsQF,0
231,202411,S92000003,2024,11,TotalOperationsQF,0
232,202412,S92000003,2024,12,TotalOperationsQF,0
233,202501,S92000003,2025,01,TotalOperationsQF,0
234,201505,S92000003,2015,05,TotalCancelled,2695
235,201506,S92000003,2015,06,TotalCancelled,2800
236,201507,S92000003,2015,07,TotalCancelled,2642
237,201508,S92000003,2015,08,TotalCancelled,2630
238,201509,S92000003,2015,09,TotalCancelled,2829
239,201510,S92000003,2015,10,TotalCancelled,3050
240,201511,S92000003,2015,11,TotalCancelled,3062
241,201512,S92000003,2015,12,TotalCancelled,2921
242,201601,S92000003,2016,01,TotalCancelled,3197
243,201602,S92000003,2016,02,TotalCancelled,3225
244,201603,S92000003,2016,03,TotalCancelled,3232
245,201604,S92000003,2016,04,TotalCancelled,2807
246,201605,S92000003,2016,05,TotalCancelled,2849
247,201606,S92000003,2016,06,TotalCancelled,3004
248,201607,S92000003,2016,07,TotalCancelled,2318
249,201608,S92000003,2016,08,TotalCancelled,2879
250,201609,S92000003,2016,09,TotalCancelled,2742
251,201610,S92000003,2016,10,TotalCancelled,2719
252,201611,S92000003,2016,11,TotalCancelled,2871
253,201612,S92000003,2016,12,TotalCancelled,2738
254,201701,S92000003,2017,01,TotalCancelled,2740
255,201702,S92000003,2017,02,TotalCancelled,2544
256,201703,S92000003,2017,03,TotalCancelled,2887
257,201704,S92000003,2017,04,TotalCancelled,2295
258,201705,S92000003,2017,05,TotalCancelled,2630
259,201706,S92000003,2017,06,TotalCancelled,2583
260,201707,S92000003,2017,07,TotalCancelled,2054
261,201708,S92000003,2017,08,TotalCancelled,2555
262,201709,S92000003,2017,09,TotalCancelled,2536
263,201710,S92000003,2017,10,TotalCancelled,2413
264,201711,S92000003,2017,11,TotalCancelled,2695
265,201712,S92000003,2017,12,TotalCancelled,2631
266,201801,S92000003,2018,01,TotalCancelled,3396
267,201802,S92000003,2018,02,TotalCancelled,2683
268,201803,S92000003,2018,03,TotalCancelled,3616
269,201804,S92000003,2018,04,TotalCancelled,2402
270,201805,S92000003,2018,05,TotalCancelled,2467
271,201806,S92000003,2018,06,TotalCancelled,2247
272,201807,S92000003,2018,07,TotalCancelled,2387
273,201808,S92000003,2018,08,TotalCancelled,2557
274,201809,S92000003,2018,09,TotalCancelled,2238
275,201810,S92000003,2018,10,TotalCancelled,2566
276,201811,S92000003,2018,11,TotalCancelled,2869
277,201812,S92000003,2018,12,TotalCancelled,2206
278,201901,S92000003,2019,01,TotalCancelled,2767
279,201902,S92000003,2019,02,TotalCancelled,2435
280,201903,S92000003,2019,03,TotalCancelled,2483
281,201904,S92000003,2019,04,TotalCancelled,2287
282,201905,S92000003,2019,05,TotalCancelled,2451
283,201906,S92000003,2019,06,TotalCancelled,2333
284,201907,S92000003,2019,07,TotalCancelled,2321
285,201908,S92000003,2019,08,TotalCancelled,2328
286,201909,S92000003,2019,09,TotalCancelled,2378
287,201910,S92000003,2019,10,TotalCancelled,2468
288,201911,S92000003,2019,11,TotalCancelled,2685
289,201912,S92000003,2019,12,TotalCancelled,2582
290,202001,S92000003,2020,01,TotalCancelled,2718
291,202002,S92000003,2020,02,TotalCancelled,2459
292,202003,S92000003,2020,03,TotalCancelled,2987
293,202004,S92000003,2020,04,TotalCancelled,452
294,202005,S92000003,2020,05,TotalCancelled,308
295,202006,S92000003,2020,06,TotalCancelled,461
296,202007,S92000003,2020,07,TotalCancelled,686
297,202008,S92000003,2020,08,TotalCancelled,977
298,202009,S92000003,2020,09,TotalCancelled,1114
299,202010,S92000003,2020,10,TotalCancelled,1358
300,202011,S92000003,2020,11,TotalCancelled,1325
301,202012,S92000003,2020,12,TotalCancelled,1241
302,202101,S92000003,2021,01,TotalCancelled,962
303,202102,S92000003,2021,02,TotalCancelled,861
304,202103,S92000003,2021,03,TotalCancelled,1101
305,202104,S92000003,2021,04,TotalCancelled,1131
306,202105,S92000003,2021,05,TotalCancelled,1261
307,202106,S92000003,2021,06,TotalCancelled,1630
308,202107,S92000003,2021,07,TotalCancelled,1583
309,202108,S92000003,2021,08,TotalCancelled,1698
310,202109,S92000003,2021,09,TotalCancelled,1537
311,202110,S92000003,2021,10,TotalCancelled,1377
312,202111,S92000003,2021,11,TotalCancelled,1584
313,202112,S92000003,2021,12,TotalCancelled,1457
314,202201,S92000003,2022,01,TotalCancelled,1412
315,202202,S92000003,2022,02,TotalCancelled,1570
316,202203,S92000003,2022,03,TotalCancelled,2089
317,202204,S92000003,2022,04,TotalCancelled,1727
318,202205,S92000003,2022,05,TotalCancelled,1909
319,202206,S92000003,2022,06,TotalCancelled,2002
320,202207,S92000003,2022,07,TotalCancelled,1850
321,202208,S92000003,2022,08,TotalCancelled,2396
322,202209,S92000003,2022,09,TotalCancelled,2058
323,202210,S92000003,2022,10,TotalCancelled,2083
324,202211,S92000003,2022,11,TotalCancelled,2248
325,202212,S92000003,2022,12,TotalCancelled,2365
326,202301,S92000003,2023,01,TotalCancelled,1971
327,202302,S92000003,2023,02,TotalCancelled,1905
328,202303,S92000003,2023,03,TotalCancelled,2259
329,202304,S92000003,2023,04,TotalCancelled,1721
330,202305,S92000003,2023,05,TotalCancelled,1989
331,202306,S92000003,2023,06,TotalCancelled,2205
332,202307,S92000003,2023,07,TotalCancelled,1726
333,202308,S92000003,2023,08,TotalCancelled,2208
334,202309,S92000003,2023,09,TotalCancelled,2102
335,202310,S92000003,2023,10,TotalCancelled,2265
336,202311,S92000003,2023,11,TotalCancelled,2261
337,202312,S92000003,2023,12,TotalCancelled,1997
338,202401,S92000003,2024,01,TotalCancelled,2403
339,202402,S92000003,2024,02,TotalCancelled,2086
340,202403,S92000003,2024,03,TotalCancelled,1934
341,202404,S92000003,2024,04,TotalCancelled,1929
342,202405,S92000003,2024,05,TotalCancelled,2018
343,202406,S92000003,2024,06,TotalCancelled,1847
344,202407,S92000003,2024,07,TotalCancelled,1986
345,202408,S92000003,2024,08,TotalCancelled,2033
346,202409,S92000003,2024,09,TotalCancelled,2204
347,202410,S92000003,2024,10,TotalCancelled,2155
348,202411,S92000003,2024,11,TotalCancelled,2090
349,202412,S92000003,2024,12,TotalCancelled,2103
350,202501,S92000003,2025,01,TotalCancelled,2369
351,201505,S92000003,2015,05,TotalCancelledQF,0
352,201506,S92000003,2015,06,TotalCancelledQF,0
353,201507,S92000003,2015,07,TotalCancelledQF,0
354,201508,S92000003,2015,08,TotalCancelledQF,0
355,201509,S92000003,2015,09,TotalCancelledQF,0
356,201510,S92000003,2015,10,TotalCancelledQF,0
357,201511,S92000003,2015,11,TotalCancelledQF,0
358,201512,S92000003,2015,12,TotalCancelledQF,0
359,201601,S92000003,2016,01,TotalCancelledQF,0
360,201602,S92000003,2016,02,TotalCancelledQF,0
361,201603,S92000003,2016,03,TotalCancelledQF,0
362,201604,S92000003,2016,04,TotalCancelledQF,0
363,201605,S92000003,2016,05,TotalCancelledQF,0
364,201606,S92000003,2016,06,TotalCancelledQF,0
365,201607,S92000003,2016,07,TotalCancelledQF,0
366,201608,S92000003,2016,08,TotalCancelledQF,0
367,201609,S92000003,2016,09,TotalCancelledQF,0
368,201610,S92000003,2016,10,TotalCancelledQF,0
369,201611,S92000003,2016,11,TotalCancelledQF,0
370,201612,S92000003,2016,12,TotalCancelledQF,0
371,201701,S92000003,2017,01,TotalCancelledQF,0
372,201702,S92000003,2017,02,TotalCancelledQF,0
373,201703,S92000003,2017,03,TotalCancelledQF,0
374,201704,S92000003,2017,04,TotalCancelledQF,0
375,201705,S92000003,2017,05,TotalCancelledQF,0
376,201706,S92000003,2017,06,TotalCancelledQF,r
377,201707,S92000003,2017,07,TotalCancelledQF,r
378,201708,S92000003,2017,08,TotalCancelledQF,r
379,201709,S92000003,2017,09,TotalCancelledQF,r
380,201710,S92000003,2017,10,TotalCancelledQF,r
381,201711,S92000003,2017,11,TotalCancelledQF,r
382,201712,S92000003,2017,12,TotalCancelledQF,r
383,201801,S92000003,2018,01,TotalCancelledQF,r
384,201802,S92000003,2018,02,TotalCancelledQF,r
385,201803,S92000003,2018,03,TotalCancelledQF,r
386,201804,S92000003,2018,04,TotalCancelledQF,r
387,201805,S92000003,2018,05,TotalCancelledQF,r
388,201806,S92000003,2018,06,TotalCancelledQF,r
389,201807,S92000003,2018,07,TotalCancelledQF,r
390,201808,S92000003,2018,08,TotalCancelledQF,r
391,201809,S92000003,2018,09,TotalCancelledQF,r
392,201810,S92000003,2018,10,TotalCancelledQF,r
393,201811,S92000003,2018,11,TotalCancelledQF,r
394,201812,S92000003,2018,12,TotalCancelledQF,r
395,201901,S92000003,2019,01,TotalCancelledQF,r
396,201902,S92000003,2019,02,TotalCancelledQF,r
397,201903,S92000003,2019,03,TotalCancelledQF,r
398,201904,S92000003,2019,04,TotalCancelledQF,r
399,201905,S92000003,2019,05,TotalCancelledQF,r
400,201906,S92000003,2019,06,TotalCancelledQF,r
401,201907,S92000003,2019,07,TotalCancelledQF,r
402,201908,S92000003,2019,08,TotalCancelledQF,r
403,201909,S92000003,2019,09,TotalCancelledQF,r
404,201910,S92000003,2019,10,TotalCancelledQF,r
405,201911,S92000003,2019,11,TotalCancelledQF,r
406,201912,S92000003,2019,12,TotalCancelledQF,r
407,202001,S92000003,2020,01,TotalCancelledQF,r
408,202002,S92000003,2020,02,TotalCancelledQF,r
409,202003,S92000003,2020,03,TotalCancelledQF,r
410,202004,S92000003,2020,04,TotalCancelledQF,r
411,202005,S92000003,2020,05,TotalCancelledQF,r
412,202006,S92000003,2020,06,TotalCancelledQF,r
413,202007,S92000003,2020,07,TotalCancelledQF,r
414,202008,S92000003,2020,08,TotalCancelledQF,r
415,202009,S92000003,2020,09,TotalCancelledQF,r
416,202010,S92000003,2020,10,TotalCancelledQF,r
417,202011,S92000003,2020,11,TotalCancelledQF,r
418,202012,S92000003,2020,12,TotalCancelledQF,r
419,202101,S92000003,2021,01,TotalCancelledQF,r
420,202102,S92000003,2021,02,TotalCancelledQF,r
421,202103,S92000003,2021,03,TotalCancelledQF,r
422,202104,S92000003,2021,04,TotalCancelledQF,r
423,202105,S92000003,2021,05,TotalCancelledQF,r
424,202106,S92000003,2021,06,TotalCancelledQF,r
425,202107,S92000003,2021,07,TotalCancelledQF,r
426,202108,S92000003,2021,08,TotalCancelledQF,r
427,202109,S92000003,2021,09,TotalCancelledQF,r
428,202110,S92000003,2021,10,TotalCancelledQF,r
429,202111,S92000003,2021,11,TotalCancelledQF,r
430,202112,S92000003,2021,12,TotalCancelledQF,r
431,202201,S92000003,2022,01,TotalCancelledQF,r
432,202202,S92000003,2022,02,TotalCancelledQF,r
433,202203,S92000003,2022,03,TotalCancelledQF,r
434,202204,S92000003,2022,04,TotalCancelledQF,r
435,202205,S92000003,2022,05,TotalCancelledQF,r
436,202206,S92000003,2022,06,TotalCancelledQF,r
437,202207,S92000003,2022,07,TotalCancelledQF,r
438,202208,S92000003,2022,08,TotalCancelledQF,r
439,202209,S92000003,2022,09,TotalCancelledQF,r
440,202210,S92000003,2022,10,TotalCancelledQF,r
441,202211,S92000003,2022,11,TotalCancelledQF,r
442,202212,S92000003,2022,12,TotalCancelledQF,r
443,202301,S92000003,2023,01,TotalCancelledQF,r
444,202302,S92000003,2023,02,TotalCancelledQF,r
445,202303,S92000003,2023,03,TotalCancelledQF,r
446,202304,S92000003,2023,04,TotalCancelledQF,r
447,202305,S92000003,2023,05,TotalCancelledQF,r
448,202306,S92000003,2023,06,TotalCancelledQF,r
449,202307,S92000003,2023,07,TotalCancelledQF,r
450,202308,S92000003,2023,08,TotalCancelledQF,r
451,202309,S92000003,2023,09,TotalCancelledQF,r
452,202310,S92000003,2023,10,TotalCancelledQF,r
453,202311,S92000003,2023,11,TotalCancelledQF,r
454,202312,S92000003,2023,12,TotalCancelledQF,r
455,202401,S92000003,2024,01,TotalCancelledQF,r
456,202402,S92000003,2024,02,TotalCancelledQF,r
457,202403,S92000003,2024,03,TotalCancelledQF,r
458,202404,S92000003,2024,04,TotalCancelledQF,r
459,202405,S92000003,2024,05,TotalCancelledQF,r
460,202406,S92000003,2024,06,TotalCancelledQF,r
461,202407,S92000003,2024,07,TotalCancelledQF,r
462,202408,S92000003,2024,08,TotalCancelledQF,0
463,202409,S92000003,2024,09,TotalCancelledQF,0
464,202410,S92000003,2024,10,TotalCancelledQF,0
465,202411,S92000003,2024,11,TotalCancelledQF,0
466,202412,S92000003,2024,12,TotalCancelledQF,0
467,202501,S92000003,2025,01,TotalCancelledQF,0
468,201505,S92000003,2015,05,CancelledByPatientReason,1057
469,201506,S92000003,2015,06,CancelledByPatientReason,1194
470,201507,S92000003,2015,07,CancelledByPatientReason,1083
471,201508,S92000003,2015,08,CancelledByPatientReason,1080
472,201509,S92000003,2015,09,CancelledByPatientReason,1122
473,201510,S92000003,2015,10,CancelledByPatientReason,1198
474,201511,S92000003,2015,11,CancelledByPatientReason,1265
475,201512,S92000003,2015,12,CancelledByPatientReason,1211
476,201601,S92000003,2016,01,CancelledByPatientReason,1198
477,201602,S92000003,2016,02,CancelledByPatientReason,1234
478,201603,S92000003,2016,03,CancelledByPatientReason,1310
479,201604,S92000003,2016,04,CancelledByPatientReason,1164
480,201605,S92000003,2016,05,CancelledByPatientReason,1114
481,201606,S92000003,2016,06,CancelledByPatientReason,1194
482,201607,S92000003,2016,07,CancelledByPatientReason,983
483,201608,S92000003,2016,08,CancelledByPatientReason,1120
484,201609,S92000003,2016,09,CancelledByPatientReason,1089
485,201610,S92000003,2016,10,CancelledByPatientReason,1011
486,201611,S92000003,2016,11,CancelledByPatientReason,1055
487,201612,S92000003,2016,12,CancelledByPatientReason,1084
488,201701,S92000003,2017,01,CancelledByPatientReason,1025
489,201702,S92000003,2017,02,CancelledByPatientReason,933
490,201703,S92000003,2017,03,CancelledByPatientReason,1070
491,201704,S92000003,2017,04,CancelledByPatientReason,898
492,201705,S92000003,2017,05,CancelledByPatientReason,1053
493,201706,S92000003,2017,06,CancelledByPatientReason,1107
494,201707,S92000003,2017,07,CancelledByPatientReason,843
495,201708,S92000003,2017,08,CancelledByPatientReason,1005
496,201709,S92000003,2017,09,CancelledByPatientReason,937
497,201710,S92000003,2017,10,CancelledByPatientReason,935
498,201711,S92000003,2017,11,CancelledByPatientReason,975
499,201712,S92000003,2017,12,CancelledByPatientReason,927
500,201801,S92000003,2018,01,CancelledByPatientReason,1061
501,201802,S92000003,2018,02,CancelledByPatientReason,979
502,201803,S92000003,2018,03,CancelledByPatientReason,1119
503,201804,S92000003,2018,04,CancelledByPatientReason,934
504,201805,S92000003,2018,05,CancelledByPatientReason,1012
505,201806,S92000003,2018,06,CancelledByPatientReason,896
506,201807,S92000003,2018,07,CancelledByPatientReason,974
507,201808,S92000003,2018,08,CancelledByPatientReason,970
508,201809,S92000003,2018,09,CancelledByPatientReason,867
509,201810,S92000003,2018,10,CancelledByPatientReason,981
510,201811,S92000003,2018,11,CancelledByPatientReason,820
511,201812,S92000003,2018,12,CancelledByPatientReason,795
512,201901,S92000003,2019,01,CancelledByPatientReason,1008
513,201902,S92000003,2019,02,CancelledByPatientReason,869
514,201903,S92000003,2019,03,CancelledByPatientReason,927
515,201904,S92000003,2019,04,CancelledByPatientReason,904
516,201905,S92000003,2019,05,CancelledByPatientReason,967
517,201906,S92000003,2019,06,CancelledByPatientReason,886
518,201907,S92000003,2019,07,CancelledByPatientReason,842
519,201908,S92000003,2019,08,CancelledByPatientReason,871
520,201909,S92000003,2019,09,CancelledByPatientReason,902
521,201910,S92000003,2019,10,CancelledByPatientReason,1029
522,201911,S92000003,2019,11,CancelledByPatientReason,900
523,201912,S92000003,2019,12,CancelledByPatientReason,921
524,202001,S92000003,2020,01,CancelledByPatientReason,957
525,202002,S92000003,2020,02,CancelledByPatientReason,896
526,202003,S92000003,2020,03,CancelledByPatientReason,814
527,202004,S92000003,2020,04,CancelledByPatientReason,111
528,202005,S92000003,2020,05,CancelledByPatientReason,80
529,202006,S92000003,2020,06,CancelledByPatientReason,114
530,202007,S92000003,2020,07,CancelledByPatientReason,184
531,202008,S92000003,2020,08,CancelledByPatientReason,294
532,202009,S92000003,2020,09,CancelledByPatientReason,324
533,202010,S92000003,2020,10,CancelledByPatientReason,340
534,202011,S92000003,2020,11,CancelledByPatientReason,381
535,202012,S92000003,2020,12,CancelledByPatientReason,318
536,202101,S92000003,2021,01,CancelledByPatientReason,285
537,202102,S92000003,2021,02,CancelledByPatientReason,299
538,202103,S92000003,2021,03,CancelledByPatientReason,296
539,202104,S92000003,2021,04,CancelledByPatientReason,316
540,202105,S92000003,2021,05,CancelledByPatientReason,367
541,202106,S92000003,2021,06,CancelledByPatientReason,499
542,202107,S92000003,2021,07,CancelledByPatientReason,400
543,202108,S92000003,2021,08,CancelledByPatientReason,504
544,202109,S92000003,2021,09,CancelledByPatientReason,418
545,202110,S92000003,2021,10,CancelledByPatientReason,414
546,202111,S92000003,2021,11,CancelledByPatientReason,521
547,202112,S92000003,2021,12,CancelledByPatientReason,442
548,202201,S92000003,2022,01,CancelledByPatientReason,466
549,202202,S92000003,2022,02,CancelledByPatientReason,554
550,202203,S92000003,2022,03,CancelledByPatientReason,737
551,202204,S92000003,2022,04,CancelledByPatientReason,606
552,202205,S92000003,2022,05,CancelledByPatientReason,658
553,202206,S92000003,2022,06,CancelledByPatientReason,593
554,202207,S92000003,2022,07,CancelledByPatientReason,630
555,202208,S92000003,2022,08,CancelledByPatientReason,689
556,202209,S92000003,2022,09,CancelledByPatientReason,744
557,202210,S92000003,2022,10,CancelledByPatientReason,707
558,202211,S92000003,2022,11,CancelledByPatientReason,738
559,202212,S92000003,2022,12,CancelledByPatientReason,804
560,202301,S92000003,2023,01,CancelledByPatientReason,734
561,202302,S92000003,2023,02,CancelledByPatientReason,648
562,202303,S92000003,2023,03,CancelledByPatientReason,787
563,202304,S92000003,2023,04,CancelledByPatientReason,647
564,202305,S92000003,2023,05,CancelledByPatientReason,722
565,202306,S92000003,2023,06,CancelledByPatientReason,736
566,202307,S92000003,2023,07,CancelledByPatientReason,669
567,202308,S92000003,2023,08,CancelledByPatientReason,791
568,202309,S92000003,2023,09,CancelledByPatientReason,724
569,202310,S92000003,2023,10,CancelledByPatientReason,763
570,202311,S92000003,2023,11,CancelledByPatientReason,733
571,202312,S92000003,2023,12,CancelledByPatientReason,666
572,202401,S92000003,2024,01,CancelledByPatientReason,817
573,202402,S92000003,2024,02,CancelledByPatientReason,669
574,202403,S92000003,2024,03,CancelledByPatientReason,635
575,202404,S92000003,2024,04,CancelledByPatientReason,688
576,202405,S92000003,2024,05,CancelledByPatientReason,727
577,202406,S92000003,2024,06,CancelledByPatientReason,621
578,202407,S92000003,2024,07,CancelledByPatientReason,628
579,202408,S92000003,2024,08,CancelledByPatientReason,683
580,202409,S92000003,2024,09,CancelledByPatientReason,676
581,202410,S92000003,2024,10,CancelledByPatientReason,697
582,202411,S92000003,2024,11,CancelledByPatientReason,652
583,202412,S92000003,2024,12,CancelledByPatientReason,755
584,202501,S92000003,2025,01,CancelledByPatientReason,788
585,201505,S92000003,2015,05,CancelledByPatientReasonQF,0
586,201506,S92000003,2015,06,CancelledByPatientReasonQF,0
587,201507,S92000003,2015,07,CancelledByPatientReasonQF,0
588,201508,S92000003,2015,08,CancelledByPatientReasonQF,0
589,201509,S92000003,2015,09,CancelledByPatientReasonQF,0
590,201510,S92000003,2015,10,CancelledByPatientReasonQF,0
591,201511,S92000003,2015,11,CancelledByPatientReasonQF,0
592,201512,S92000003,2015,12,CancelledByPatientReasonQF,0
593,201601,S92000003,2016,01,CancelledByPatientReasonQF,0
594,201602,S92000003,2016,02,CancelledByPatientReasonQF,0
595,201603,S92000003,2016,03,CancelledByPatientReasonQF,0
596,201604,S92000003,2016,04,CancelledByPatientReasonQF,0
597,201605,S92000003,2016,05,CancelledByPatientReasonQF,0
598,201606,S92000003,2016,06,CancelledByPatientReasonQF,0
599,201607,S92000003,2016,07,CancelledByPatientReasonQF,0
600,201608,S92000003,2016,08,CancelledByPatientReasonQF,0
601,201609,S92000003,2016,09,CancelledByPatientReasonQF,0
602,201610,S92000003,2016,10,CancelledByPatientReasonQF,0
603,201611,S92000003,2016,11,CancelledByPatientReasonQF,0
604,201612,S92000003,2016,12,CancelledByPatientReasonQF,0
605,201701,S92000003,2017,01,CancelledByPatientReasonQF,0
606,201702,S92000003,2017,02,CancelledByPatientReasonQF,0
607,201703,S92000003,2017,03,CancelledByPatientReasonQF,0
608,201704,S92000003,2017,04,CancelledByPatientReasonQF,0
609,201705,S92000003,2017,05,CancelledByPatientReasonQF,0
610,201706,S92000003,2017,06,CancelledByPatientReasonQF,r
611,201707,S92000003,2017,07,CancelledByPatientReasonQF,r
612,201708,S92000003,2017,08,CancelledByPatientReasonQF,r
613,201709,S92000003,2017,09,CancelledByPatientReasonQF,r
614,201710,S92000003,2017,10,CancelledByPatientReasonQF,r
615,201711,S92000003,2017,11,CancelledByPatientReasonQF,r
616,201712,S92000003,2017,12,CancelledByPatientReasonQF,r
617,201801,S92000003,2018,01,CancelledByPatientReasonQF,r
618,201802,S92000003,2018,02,CancelledByPatientReasonQF,0
619,201803,S92000003,2018,03,CancelledByPatientReasonQF,r
620,201804,S92000003,2018,04,CancelledByPatientReasonQF,r
621,201805,S92000003,2018,05,CancelledByPatientReasonQF,r
622,201806,S92000003,2018,06,CancelledByPatientReasonQF,r
623,201807,S92000003,2018,07,CancelledByPatientReasonQF,r
624,201808,S92000003,2018,08,CancelledByPatientReasonQF,0
625,201809,S92000003,2018,09,CancelledByPatientReasonQF,r
626,201810,S92000003,2018,10,CancelledByPatientReasonQF,r
627,201811,S92000003,2018,11,CancelledByPatientReasonQF,r
628,201812,S92000003,2018,12,CancelledByPatientReasonQF,r
629,201901,S92000003,2019,01,CancelledByPatientReasonQF,r
630,201902,S92000003,2019,02,CancelledByPatientReasonQF,r
631,201903,S92000003,2019,03,CancelledByPatientReasonQF,r
632,201904,S92000003,2019,04,CancelledByPatientReasonQF,r
633,201905,S92000003,2019,05,CancelledByPatientReasonQF,r
634,201906,S92000003,2019,06,CancelledByPatientReasonQF,r
635,201907,S92000003,2019,07,CancelledByPatientReasonQF,r
636,201908,S92000003,2019,08,CancelledByPatientReasonQF,r
637,201909,S92000003,2019,09,CancelledByPatientReasonQF,r
638,201910,S92000003,2019,10,CancelledByPatientReasonQF,r
639,201911,S92000003,2019,11,CancelledByPatientReasonQF,r
640,201912,S92000003,2019,12,CancelledByPatientReasonQF,r
641,202001,S92000003,2020,01,CancelledByPatientReasonQF,r
642,202002,S92000003,2020,02,CancelledByPatientReasonQF,r
643,202003,S92000003,2020,03,CancelledByPatientReasonQF,r
644,202004,S92000003,2020,04,CancelledByPatientReasonQF,r
645,202005,S92000003,2020,05,CancelledByPatientReasonQF,r
646,202006,S92000003,2020,06,CancelledByPatientReasonQF,0
647,202007,S92000003,2020,07,CancelledByPatientReasonQF,r
648,202008,S92000003,2020,08,CancelledByPatientReasonQF,r
649,202009,S92000003,2020,09,CancelledByPatientReasonQF,r
650,202010,S92000003,2020,10,CancelledByPatientReasonQF,r
651,202011,S92000003,2020,11,CancelledByPatientReasonQF,0
652,202012,S92000003,2020,12,CancelledByPatientReasonQF,r
653,202101,S92000003,2021,01,CancelledByPatientReasonQF,r
654,202102,S92000003,2021,02,CancelledByPatientReasonQF,0
655,202103,S92000003,2021,03,CancelledByPatientReasonQF,r
656,202104,S92000003,2021,04,CancelledByPatientReasonQF,r
657,202105,S92000003,2021,05,CancelledByPatientReasonQF,0
658,202106,S92000003,2021,06,CancelledByPatientReasonQF,r
659,202107,S92000003,2021,07,CancelledByPatientReasonQF,r
660,202108,S92000003,2021,08,CancelledByPatientReasonQF,r
661,202109,S92000003,2021,09,CancelledByPatientReasonQF,0
662,202110,S92000003,2021,10,CancelledByPatientReasonQF,0
663,202111,S92000003,2021,11,CancelledByPatientReasonQF,r
664,202112,S92000003,2021,12,CancelledByPatientReasonQF,r
665,202201,S92000003,2022,01,CancelledByPatientReasonQF,r
666,202202,S92000003,2022,02,CancelledByPatientReasonQF,r
667,202203,S92000003,2022,03,CancelledByPatientReasonQF,r
668,202204,S92000003,2022,04,CancelledByPatientReasonQF,r
669,202205,S92000003,2022,05,CancelledByPatientReasonQF,r
670,202206,S92000003,2022,06,CancelledByPatientReasonQF,r
671,202207,S92000003,2022,07,CancelledByPatientReasonQF,r
672,202208,S92000003,2022,08,CancelledByPatientReasonQF,r
673,202209,S92000003,2022,09,CancelledByPatientReasonQF,r
674,202210,S92000003,2022,10,CancelledByPatientReasonQF,r
675,202211,S92000003,2022,11,CancelledByPatientReasonQF,r
676,202212,S92000003,2022,12,CancelledByPatientReasonQF,r
677,202301,S92000003,2023,01,CancelledByPatientReasonQF,r
678,202302,S92000003,2023,02,CancelledByPatientReasonQF,r
679,202303,S92000003,2023,03,CancelledByPatientReasonQF,r
680,202304,S92000003,2023,04,CancelledByPatientReasonQF,r
681,202305,S92000003,2023,05,CancelledByPatientReasonQF,r
682,202306,S92000003,2023,06,CancelledByPatientReasonQF,r
683,202307,S92000003,2023,07,CancelledByPatientReasonQF,r
684,202308,S92000003,2023,08,CancelledByPatientReasonQF,r
685,202309,S92000003,2023,09,CancelledByPatientReasonQF,r
686,202310,S92000003,2023,10,CancelledByPatientReasonQF,r
687,202311,S92000003,2023,11,CancelledByPatientReasonQF,r
688,202312,S92000003,2023,12,CancelledByPatientReasonQF,r
689,202401,S92000003,2024,01,CancelledByPatientReasonQF,r
690,202402,S92000003,2024,02,CancelledByPatientReasonQF,r
691,202403,S92000003,2024,03,CancelledByPatientReasonQF,r
692,202404,S92000003,2024,04,CancelledByPatientReasonQF,r
693,202405,S92000003,2024,05,CancelledByPatientReasonQF,r
694,202406,S92000003,2024,06,CancelledByPatientReasonQF,r
695,202407,S92000003,2024,07,CancelledByPatientReasonQF,0
696,202408,S92000003,2024,08,CancelledByPatientReasonQF,0
697,202409,S92000003,2024,09,CancelledByPatientReasonQF,0
698,202410,S92000003,2024,10,CancelledByPatientReasonQF,0
699,202411,S92000003,2024,11,CancelledByPatientReasonQF,0
700,202412,S92000003,2024,12,CancelledByPatientReasonQF,0
701,202501,S92000003,2025,01,CancelledByPatientReasonQF,0
702,201505,S92000003,2015,05,ClinicalReason,853
703,201506,S92000003,2015,06,ClinicalReason,870
704,201507,S92000003,2015,07,ClinicalReason,854
705,201508,S92000003,2015,08,ClinicalReason,912
706,201509,S92000003,2015,09,ClinicalReason,1000
707,201510,S92000003,2015,10,ClinicalReason,1075
708,201511,S92000003,2015,11,ClinicalReason,1062
709,201512,S92000003,2015,12,ClinicalReason,963
710,201601,S92000003,2016,01,ClinicalReason,1005
711,201602,S92000003,2016,02,ClinicalReason,1087
712,201603,S92000003,2016,03,ClinicalReason,1049
713,201604,S92000003,2016,04,ClinicalReason,1009
714,201605,S92000003,2016,05,ClinicalReason,989
715,201606,S92000003,2016,06,ClinicalReason,1037
716,201607,S92000003,2016,07,ClinicalReason,775
717,201608,S92000003,2016,08,ClinicalReason,985
718,201609,S92000003,2016,09,ClinicalReason,906
719,201610,S92000003,2016,10,ClinicalReason,958
720,201611,S92000003,2016,11,ClinicalReason,1043
721,201612,S92000003,2016,12,ClinicalReason,920
722,201701,S92000003,2017,01,ClinicalReason,928
723,201702,S92000003,2017,02,ClinicalReason,946
724,201703,S92000003,2017,03,ClinicalReason,1105
725,201704,S92000003,2017,04,ClinicalReason,821
726,201705,S92000003,2017,05,ClinicalReason,1000
727,201706,S92000003,2017,06,ClinicalReason,943
728,201707,S92000003,2017,07,ClinicalReason,765
729,201708,S92000003,2017,08,ClinicalReason,955
730,201709,S92000003,2017,09,ClinicalReason,956
731,201710,S92000003,2017,10,ClinicalReason,858
732,201711,S92000003,2017,11,ClinicalReason,981
733,201712,S92000003,2017,12,ClinicalReason,847
734,201801,S92000003,2018,01,ClinicalReason,984
735,201802,S92000003,2018,02,ClinicalReason,810
736,201803,S92000003,2018,03,ClinicalReason,878
737,201804,S92000003,2018,04,ClinicalReason,827
738,201805,S92000003,2018,05,ClinicalReason,906
739,201806,S92000003,2018,06,ClinicalReason,882
740,201807,S92000003,2018,07,ClinicalReason,802
741,201808,S92000003,2018,08,ClinicalReason,911
742,201809,S92000003,2018,09,ClinicalReason,865
743,201810,S92000003,2018,10,ClinicalReason,935
744,201811,S92000003,2018,11,ClinicalReason,972
745,201812,S92000003,2018,12,ClinicalReason,807
746,201901,S92000003,2019,01,ClinicalReason,983
747,201902,S92000003,2019,02,ClinicalReason,867
748,201903,S92000003,2019,03,ClinicalReason,954
749,201904,S92000003,2019,04,ClinicalReason,834
750,201905,S92000003,2019,05,ClinicalReason,905
751,201906,S92000003,2019,06,ClinicalReason,826
752,201907,S92000003,2019,07,ClinicalReason,865
753,201908,S92000003,2019,08,ClinicalReason,795
754,201909,S92000003,2019,09,ClinicalReason,849
755,201910,S92000003,2019,10,ClinicalReason,873
756,201911,S92000003,2019,11,ClinicalReason,980
757,201912,S92000003,2019,12,ClinicalReason,875
758,202001,S92000003,2020,01,ClinicalReason,901
759,202002,S92000003,2020,02,ClinicalReason,917
760,202003,S92000003,2020,03,ClinicalReason,881
761,202004,S92000003,2020,04,ClinicalReason,166
762,202005,S92000003,2020,05,ClinicalReason,160
763,202006,S92000003,2020,06,ClinicalReason,239
764,202007,S92000003,2020,07,ClinicalReason,336
765,202008,S92000003,2020,08,ClinicalReason,465
766,202009,S92000003,2020,09,ClinicalReason,536
767,202010,S92000003,2020,10,ClinicalReason,603
768,202011,S92000003,2020,11,ClinicalReason,549
769,202012,S92000003,2020,12,ClinicalReason,506
770,202101,S92000003,2021,01,ClinicalReason,335
771,202102,S92000003,2021,02,ClinicalReason,323
772,202103,S92000003,2021,03,ClinicalReason,485
773,202104,S92000003,2021,04,ClinicalReason,514
774,202105,S92000003,2021,05,ClinicalReason,582
775,202106,S92000003,2021,06,ClinicalReason,638
776,202107,S92000003,2021,07,ClinicalReason,519
777,202108,S92000003,2021,08,ClinicalReason,622
778,202109,S92000003,2021,09,ClinicalReason,520
779,202110,S92000003,2021,10,ClinicalReason,516
780,202111,S92000003,2021,11,ClinicalReason,618
781,202112,S92000003,2021,12,ClinicalReason,556
782,202201,S92000003,2022,01,ClinicalReason,507
783,202202,S92000003,2022,02,ClinicalReason,548
784,202203,S92000003,2022,03,ClinicalReason,735
785,202204,S92000003,2022,04,ClinicalReason,561
786,202205,S92000003,2022,05,ClinicalReason,653
787,202206,S92000003,2022,06,ClinicalReason,701
788,202207,S92000003,2022,07,ClinicalReason,625
789,202208,S92000003,2022,08,ClinicalReason,682
790,202209,S92000003,2022,09,ClinicalReason,719
791,202210,S92000003,2022,10,ClinicalReason,695
792,202211,S92000003,2022,11,ClinicalReason,829
793,202212,S92000003,2022,12,ClinicalReason,670
794,202301,S92000003,2023,01,ClinicalReason,640
795,202302,S92000003,2023,02,ClinicalReason,696
796,202303,S92000003,2023,03,ClinicalReason,789
797,202304,S92000003,2023,04,ClinicalReason,592
798,202305,S92000003,2023,05,ClinicalReason,713
799,202306,S92000003,2023,06,ClinicalReason,755
800,202307,S92000003,2023,07,ClinicalReason,640
801,202308,S92000003,2023,08,ClinicalReason,760
802,202309,S92000003,2023,09,ClinicalReason,728
803,202310,S92000003,2023,10,ClinicalReason,779
804,202311,S92000003,2023,11,ClinicalReason,806
805,202312,S92000003,2023,12,ClinicalReason,707
806,202401,S92000003,2024,01,ClinicalReason,720
807,202402,S92000003,2024,02,ClinicalReason,782
808,202403,S92000003,2024,03,ClinicalReason,733
809,202404,S92000003,2024,04,ClinicalReason,740
810,202405,S92000003,2024,05,ClinicalReason,759
811,202406,S92000003,2024,06,ClinicalReason,714
812,202407,S92000003,2024,07,ClinicalReason,777
813,202408,S92000003,2024,08,ClinicalReason,719
814,202409,S92000003,2024,09,ClinicalReason,732
815,202410,S92000003,2024,10,ClinicalReason,768
816,202411,S92000003,2024,11,ClinicalReason,847
817,202412,S92000003,2024,12,ClinicalReason,710
818,202501,S92000003,2025,01,ClinicalReason,786
819,201505,S92000003,2015,05,ClinicalReasonQF,0
820,201506,S92000003,2015,06,ClinicalReasonQF,0
821,201507,S92000003,2015,07,ClinicalReasonQF,0
822,201508,S92000003,2015,08,ClinicalReasonQF,0
823,201509,S92000003,2015,09,ClinicalReasonQF,0
824,201510,S92000003,2015,10,ClinicalReasonQF,0
825,201511,S92000003,2015,11,ClinicalReasonQF,0
826,201512,S92000003,2015,12,ClinicalReasonQF,0
827,201601,S92000003,2016,01,ClinicalReasonQF,0
828,201602,S92000003,2016,02,ClinicalReasonQF,0
829,201603,S92000003,2016,03,ClinicalReasonQF,0
830,201604,S92000003,2016,04,ClinicalReasonQF,0
831,201605,S92000003,2016,05,ClinicalReasonQF,0
832,201606,S92000003,2016,06,ClinicalReasonQF,0
833,201607,S92000003,2016,07,ClinicalReasonQF,0
834,201608,S92000003,2016,08,ClinicalReasonQF,0
835,201609,S92000003,2016,09,ClinicalReasonQF,0
836,201610,S92000003,2016,10,ClinicalReasonQF,0
837,201611,S92000003,2016,11,ClinicalReasonQF,0
838,201612,S92000003,2016,12,ClinicalReasonQF,0
839,201701,S92000003,2017,01,ClinicalReasonQF,0
840,201702,S92000003,2017,02,ClinicalReasonQF,0
841,201703,S92000003,2017,03,ClinicalReasonQF,0
842,201704,S92000003,2017,04,ClinicalReasonQF,0
843,201705,S92000003,2017,05,ClinicalReasonQF,0
844,201706,S92000003,2017,06,ClinicalReasonQF,r
845,201707,S92000003,2017,07,ClinicalReasonQF,r
846,201708,S92000003,2017,08,ClinicalReasonQF,r
847,201709,S92000003,2017,09,ClinicalReasonQF,r
848,201710,S92000003,2017,10,ClinicalReasonQF,r
849,201711,S92000003,2017,11,ClinicalReasonQF,r
850,201712,S92000003,2017,12,ClinicalReasonQF,r
851,201801,S92000003,2018,01,ClinicalReasonQF,r
852,201802,S92000003,2018,02,ClinicalReasonQF,r
853,201803,S92000003,2018,03,ClinicalReasonQF,r
854,201804,S92000003,2018,04,ClinicalReasonQF,r
855,201805,S92000003,2018,05,ClinicalReasonQF,r
856,201806,S92000003,2018,06,ClinicalReasonQF,r
857,201807,S92000003,2018,07,ClinicalReasonQF,r
858,201808,S92000003,2018,08,ClinicalReasonQF,r
859,201809,S92000003,2018,09,ClinicalReasonQF,r
860,201810,S92000003,2018,10,ClinicalReasonQF,r
861,201811,S92000003,2018,11,ClinicalReasonQF,r
862,201812,S92000003,2018,12,ClinicalReasonQF,r
863,201901,S92000003,2019,01,ClinicalReasonQF,r
864,201902,S92000003,2019,02,ClinicalReasonQF,r
865,201903,S92000003,2019,03,ClinicalReasonQF,r
866,201904,S92000003,2019,04,ClinicalReasonQF,r
867,201905,S92000003,2019,05,ClinicalReasonQF,r
868,201906,S92000003,2019,06,ClinicalReasonQF,r
869,201907,S92000003,2019,07,ClinicalReasonQF,r
870,201908,S92000003,2019,08,ClinicalReasonQF,r
871,201909,S92000003,2019,09,ClinicalReasonQF,r
872,201910,S92000003,2019,10,ClinicalReasonQF,r
873,201911,S92000003,2019,11,ClinicalReasonQF,r
874,201912,S92000003,2019,12,ClinicalReasonQF,r
875,202001,S92000003,2020,01,ClinicalReasonQF,r
876,202002,S92000003,2020,02,ClinicalReasonQF,r
877,202003,S92000003,2020,03,ClinicalReasonQF,r
878,202004,S92000003,2020,04,ClinicalReasonQF,r
879,202005,S92000003,2020,05,ClinicalReasonQF,r
880,202006,S92000003,2020,06,ClinicalReasonQF,r
881,202007,S92000003,2020,07,ClinicalReasonQF,r
882,202008,S92000003,2020,08,ClinicalReasonQF,r
883,202009,S92000003,2020,09,ClinicalReasonQF,r
884,202010,S92000003,2020,10,ClinicalReasonQF,r
885,202011,S92000003,2020,11,ClinicalReasonQF,r
886,202012,S92000003,2020,12,ClinicalReasonQF,r
887,202101,S92000003,2021,01,ClinicalReasonQF,r
888,202102,S92000003,2021,02,ClinicalReasonQF,r
889,202103,S92000003,2021,03,ClinicalReasonQF,r
890,202104,S92000003,2021,04,ClinicalReasonQF,r
891,202105,S92000003,2021,05,ClinicalReasonQF,r
892,202106,S92000003,2021,06,ClinicalReasonQF,r
893,202107,S92000003,2021,07,ClinicalReasonQF,r
894,202108,S92000003,2021,08,ClinicalReasonQF,r
895,202109,S92000003,2021,09,ClinicalReasonQF,r
896,202110,S92000003,2021,10,ClinicalReasonQF,r
897,202111,S92000003,2021,11,ClinicalReasonQF,r
898,202112,S92000003,2021,12,ClinicalReasonQF,r
899,202201,S92000003,2022,01,ClinicalReasonQF,r
900,202202,S92000003,2022,02,ClinicalReasonQF,r
901,202203,S92000003,2022,03,ClinicalReasonQF,r
902,202204,S92000003,2022,04,ClinicalReasonQF,r
903,202205,S92000003,2022,05,ClinicalReasonQF,r
904,202206,S92000003,2022,06,ClinicalReasonQF,r
905,202207,S92000003,2022,07,ClinicalReasonQF,r
906,202208,S92000003,2022,08,ClinicalReasonQF,r
907,202209,S92000003,2022,09,ClinicalReasonQF,r
908,202210,S92000003,2022,10,ClinicalReasonQF,r
909,202211,S92000003,2022,11,ClinicalReasonQF,r
910,202212,S92000003,2022,12,ClinicalReasonQF,r
911,202301,S92000003,2023,01,ClinicalReasonQF,r
912,202302,S92000003,2023,02,ClinicalReasonQF,r
913,202303,S92000003,2023,03,ClinicalReasonQF,r
914,202304,S92000003,2023,04,ClinicalReasonQF,r
915,202305,S92000003,2023,05,ClinicalReasonQF,r
916,202306,S92000003,2023,06,ClinicalReasonQF,r
917,202307,S92000003,2023,07,ClinicalReasonQF,r
918,202308,S92000003,2023,08,ClinicalReasonQF,r
919,202309,S92000003,2023,09,ClinicalReasonQF,r
920,202310,S92000003,2023,10,ClinicalReasonQF,r
921,202311,S92000003,2023,11,ClinicalReasonQF,r
922,202312,S92000003,2023,12,ClinicalReasonQF,r
923,202401,S92000003,2024,01,ClinicalReasonQF,r
924,202402,S92000003,2024,02,ClinicalReasonQF,r
925,202403,S92000003,2024,03,ClinicalReasonQF,r
926,202404,S92000003,2024,04,ClinicalReasonQF,r
927,202405,S92000003,2024,05,ClinicalReasonQF,r
928,202406,S92000003,2024,06,ClinicalReasonQF,r
929,202407,S92000003,2024,07,ClinicalReasonQF,r
930,202408,S92000003,2024,08,ClinicalReasonQF,0
931,202409,S92000003,2024,09,ClinicalReasonQF,0
932,202410,S92000003,2024,10,ClinicalReasonQF,0
933,202411,S92000003,2024,11,ClinicalReasonQF,0
934,202412,S92000003,2024,12,ClinicalReasonQF,0
935,202501,S92000003,2025,01,ClinicalReasonQF,0
936,201505,S92000003,2015,05,NonClinicalCapacityReason,523
937,201506,S92000003,2015,06,NonClinicalCapacityReason,449
938,201507,S92000003,2015,07,NonClinicalCapacityReason,457
939,201508,S92000003,2015,08,NonClinicalCapacityReason,491
940,201509,S92000003,2015,09,NonClinicalCapacityReason,535
941,201510,S92000003,2015,10,NonClinicalCapacityReason,582
942,201511,S92000003,2015,11,NonClinicalCapacityReason,582
943,201512,S92000003,2015,12,NonClinicalCapacityReason,619
944,201601,S92000003,2016,01,NonClinicalCapacityReason,868
945,201602,S92000003,2016,02,NonClinicalCapacityReason,762
946,201603,S92000003,2016,03,NonClinicalCapacityReason,732
947,201604,S92000003,2016,04,NonClinicalCapacityReason,505
948,201605,S92000003,2016,05,NonClinicalCapacityReason,612
949,201606,S92000003,2016,06,NonClinicalCapacityReason,605
950,201607,S92000003,2016,07,NonClinicalCapacityReason,453
951,201608,S92000003,2016,08,NonClinicalCapacityReason,662
952,201609,S92000003,2016,09,NonClinicalCapacityReason,618
953,201610,S92000003,2016,10,NonClinicalCapacityReason,614
954,201611,S92000003,2016,11,NonClinicalCapacityReason,665
955,201612,S92000003,2016,12,NonClinicalCapacityReason,644
956,201701,S92000003,2017,01,NonClinicalCapacityReason,704
957,201702,S92000003,2017,02,NonClinicalCapacityReason,586
958,201703,S92000003,2017,03,NonClinicalCapacityReason,620
959,201704,S92000003,2017,04,NonClinicalCapacityReason,490
960,201705,S92000003,2017,05,NonClinicalCapacityReason,512
961,201706,S92000003,2017,06,NonClinicalCapacityReason,473
962,201707,S92000003,2017,07,NonClinicalCapacityReason,400
963,201708,S92000003,2017,08,NonClinicalCapacityReason,520
964,201709,S92000003,2017,09,NonClinicalCapacityReason,557
965,201710,S92000003,2017,10,NonClinicalCapacityReason,553
966,201711,S92000003,2017,11,NonClinicalCapacityReason,661
967,201712,S92000003,2017,12,NonClinicalCapacityReason,772
968,201801,S92000003,2018,01,NonClinicalCapacityReason,1244
969,201802,S92000003,2018,02,NonClinicalCapacityReason,696
970,201803,S92000003,2018,03,NonClinicalCapacityReason,1198
971,201804,S92000003,2018,04,NonClinicalCapacityReason,584
972,201805,S92000003,2018,05,NonClinicalCapacityReason,480
973,201806,S92000003,2018,06,NonClinicalCapacityReason,398
974,201807,S92000003,2018,07,NonClinicalCapacityReason,534
975,201808,S92000003,2018,08,NonClinicalCapacityReason,570
976,201809,S92000003,2018,09,NonClinicalCapacityReason,425
977,201810,S92000003,2018,10,NonClinicalCapacityReason,515
978,201811,S92000003,2018,11,NonClinicalCapacityReason,989
979,201812,S92000003,2018,12,NonClinicalCapacityReason,545
980,201901,S92000003,2019,01,NonClinicalCapacityReason,629
981,201902,S92000003,2019,02,NonClinicalCapacityReason,568
982,201903,S92000003,2019,03,NonClinicalCapacityReason,483
983,201904,S92000003,2019,04,NonClinicalCapacityReason,487
984,201905,S92000003,2019,05,NonClinicalCapacityReason,499
985,201906,S92000003,2019,06,NonClinicalCapacityReason,530
986,201907,S92000003,2019,07,NonClinicalCapacityReason,534
987,201908,S92000003,2019,08,NonClinicalCapacityReason,556
988,201909,S92000003,2019,09,NonClinicalCapacityReason,535
989,201910,S92000003,2019,10,NonClinicalCapacityReason,482
990,201911,S92000003,2019,11,NonClinicalCapacityReason,714
991,201912,S92000003,2019,12,NonClinicalCapacityReason,706
992,202001,S92000003,2020,01,NonClinicalCapacityReason,726
993,202002,S92000003,2020,02,NonClinicalCapacityReason,554
994,202003,S92000003,2020,03,NonClinicalCapacityReason,1178
995,202004,S92000003,2020,04,NonClinicalCapacityReason,141
996,202005,S92000003,2020,05,NonClinicalCapacityReason,53
997,202006,S92000003,2020,06,NonClinicalCapacityReason,76
998,202007,S92000003,2020,07,NonClinicalCapacityReason,141
999,202008,S92000003,2020,08,NonClinicalCapacityReason,156
1000,202009,S92000003,2020,09,NonClinicalCapacityReason,199
1001,202010,S92000003,2020,10,NonClinicalCapacityReason,363
1002,202011,S92000003,2020,11,NonClinicalCapacityReason,328
1003,202012,S92000003,2020,12,NonClinicalCapacityReason,371
1004,202101,S92000003,2021,01,NonClinicalCapacityReason,278
1005,202102,S92000003,2021,02,NonClinicalCapacityReason,185
1006,202103,S92000003,2021,03,NonClinicalCapacityReason,281
1007,202104,S92000003,2021,04,NonClinicalCapacityReason,250
1008,202105,S92000003,2021,05,NonClinicalCapacityReason,274
1009,202106,S92000003,2021,06,NonClinicalCapacityReason,412
1010,202107,S92000003,2021,07,NonClinicalCapacityReason,567
1011,202108,S92000003,2021,08,NonClinicalCapacityReason,491
1012,202109,S92000003,2021,09,NonClinicalCapacityReason,503
1013,202110,S92000003,2021,10,NonClinicalCapacityReason,401
1014,202111,S92000003,2021,11,NonClinicalCapacityReason,384
1015,202112,S92000003,2021,12,NonClinicalCapacityReason,394
1016,202201,S92000003,2022,01,NonClinicalCapacityReason,356
1017,202202,S92000003,2022,02,NonClinicalCapacityReason,384
1018,202203,S92000003,2022,03,NonClinicalCapacityReason,544
1019,202204,S92000003,2022,04,NonClinicalCapacityReason,442
1020,202205,S92000003,2022,05,NonClinicalCapacityReason,461
1021,202206,S92000003,2022,06,NonClinicalCapacityReason,551
1022,202207,S92000003,2022,07,NonClinicalCapacityReason,463
1023,202208,S92000003,2022,08,NonClinicalCapacityReason,874
1024,202209,S92000003,2022,09,NonClinicalCapacityReason,492
1025,202210,S92000003,2022,10,NonClinicalCapacityReason,571
1026,202211,S92000003,2022,11,NonClinicalCapacityReason,506
1027,202212,S92000003,2022,12,NonClinicalCapacityReason,697
1028,202301,S92000003,2023,01,NonClinicalCapacityReason,487
1029,202302,S92000003,2023,02,NonClinicalCapacityReason,443
1030,202303,S92000003,2023,03,NonClinicalCapacityReason,557
1031,202304,S92000003,2023,04,NonClinicalCapacityReason,375
1032,202305,S92000003,2023,05,NonClinicalCapacityReason,453
1033,202306,S92000003,2023,06,NonClinicalCapacityReason,604
1034,202307,S92000003,2023,07,NonClinicalCapacityReason,313
1035,202308,S92000003,2023,08,NonClinicalCapacityReason,505
1036,202309,S92000003,2023,09,NonClinicalCapacityReason,541
1037,202310,S92000003,2023,10,NonClinicalCapacityReason,556
1038,202311,S92000003,2023,11,NonClinicalCapacityReason,564
1039,202312,S92000003,2023,12,NonClinicalCapacityReason,510
1040,202401,S92000003,2024,01,NonClinicalCapacityReason,659
1041,202402,S92000003,2024,02,NonClinicalCapacityReason,498
1042,202403,S92000003,2024,03,NonClinicalCapacityReason,471
1043,202404,S92000003,2024,04,NonClinicalCapacityReason,423
1044,202405,S92000003,2024,05,NonClinicalCapacityReason,458
1045,202406,S92000003,2024,06,NonClinicalCapacityReason,454
1046,202407,S92000003,2024,07,NonClinicalCapacityReason,488
1047,202408,S92000003,2024,08,NonClinicalCapacityReason,572
1048,202409,S92000003,2024,09,NonClinicalCapacityReason,710
1049,202410,S92000003,2024,10,NonClinicalCapacityReason,631
1050,202411,S92000003,2024,11,NonClinicalCapacityReason,496
1051,202412,S92000003,2024,12,NonClinicalCapacityReason,574
1052,202501,S92000003,2025,01,NonClinicalCapacityReason,600
1053,201505,S92000003,2015,05,NonClinicalCapacityReasonQF,0
1054,201506,S92000003,2015,06,NonClinicalCapacityReasonQF,0
1055,201507,S92000003,2015,07,NonClinicalCapacityReasonQF,0
1056,201508,S92000003,2015,08,NonClinicalCapacityReasonQF,0
1057,201509,S92000003,2015,09,NonClinicalCapacityReasonQF,0
1058,201510,S92000003,2015,10,NonClinicalCapacityReasonQF,0
1059,201511,S92000003,2015,11,NonClinicalCapacityReasonQF,0
1060,201512,S92000003,2015,12,NonClinicalCapacityReasonQF,0
1061,201601,S92000003,2016,01,NonClinicalCapacityReasonQF,0
1062,201602,S92000003,2016,02,NonClinicalCapacityReasonQF,0
1063,201603,S92000003,2016,03,NonClinicalCapacityReasonQF,0
1064,201604,S92000003,2016,04,NonClinicalCapacityReasonQF,0
1065,201605,S92000003,2016,05,NonClinicalCapacityReasonQF,0
1066,201606,S92000003,2016,06,NonClinicalCapacityReasonQF,0
1067,201607,S92000003,2016,07,NonClinicalCapacityReasonQF,0
1068,201608,S92000003,2016,08,NonClinicalCapacityReasonQF,0
1069,201609,S92000003,2016,09,NonClinicalCapacityReasonQF,0
1070,201610,S92000003,2016,10,NonClinicalCapacityReasonQF,0
1071,201611,S92000003,2016,11,NonClinicalCapacityReasonQF,0
1072,201612,S92000003,2016,12,NonClinicalCapacityReasonQF,0
1073,201701,S92000003,2017,01,NonClinicalCapacityReasonQF,0
1074,201702,S92000003,2017,02,NonClinicalCapacityReasonQF,0
1075,201703,S92000003,2017,03,NonClinicalCapacityReasonQF,0
1076,201704,S92000003,2017,04,NonClinicalCapacityReasonQF,0
1077,201705,S92000003,2017,05,NonClinicalCapacityReasonQF,0
1078,201706,S92000003,2017,06,NonClinicalCapacityReasonQF,r
1079,201707,S92000003,2017,07,NonClinicalCapacityReasonQF,r
1080,201708,S92000003,2017,08,NonClinicalCapacityReasonQF,r
1081,201709,S92000003,2017,09,NonClinicalCapacityReasonQF,r
1082,201710,S92000003,2017,10,NonClinicalCapacityReasonQF,r
1083,201711,S92000003,2017,11,NonClinicalCapacityReasonQF,r
1084,201712,S92000003,2017,12,NonClinicalCapacityReasonQF,r
1085,201801,S92000003,2018,01,NonClinicalCapacityReasonQF,r
1086,201802,S92000003,2018,02,NonClinicalCapacityReasonQF,r
1087,201803,S92000003,2018,03,NonClinicalCapacityReasonQF,r
1088,201804,S92000003,2018,04,NonClinicalCapacityReasonQF,r
1089,201805,S92000003,2018,05,NonClinicalCapacityReasonQF,r
1090,201806,S92000003,2018,06,NonClinicalCapacityReasonQF,r
1091,201807,S92000003,2018,07,NonClinicalCapacityReasonQF,r
1092,201808,S92000003,2018,08,NonClinicalCapacityReasonQF,r
1093,201809,S92000003,2018,09,NonClinicalCapacityReasonQF,r
1094,201810,S92000003,2018,10,NonClinicalCapacityReasonQF,r
1095,201811,S92000003,2018,11,NonClinicalCapacityReasonQF,r
1096,201812,S92000003,2018,12,NonClinicalCapacityReasonQF,0
1097,201901,S92000003,2019,01,NonClinicalCapacityReasonQF,r
1098,201902,S92000003,2019,02,NonClinicalCapacityReasonQF,r
1099,201903,S92000003,2019,03,NonClinicalCapacityReasonQF,r
1100,201904,S92000003,2019,04,NonClinicalCapacityReasonQF,r
1101,201905,S92000003,2019,05,NonClinicalCapacityReasonQF,r
1102,201906,S92000003,2019,06,NonClinicalCapacityReasonQF,r
1103,201907,S92000003,2019,07,NonClinicalCapacityReasonQF,r
1104,201908,S92000003,2019,08,NonClinicalCapacityReasonQF,r
1105,201909,S92000003,2019,09,NonClinicalCapacityReasonQF,r
1106,201910,S92000003,2019,10,NonClinicalCapacityReasonQF,r
1107,201911,S92000003,2019,11,NonClinicalCapacityReasonQF,r
1108,201912,S92000003,2019,12,NonClinicalCapacityReasonQF,r
1109,202001,S92000003,2020,01,NonClinicalCapacityReasonQF,r
1110,202002,S92000003,2020,02,NonClinicalCapacityReasonQF,r
1111,202003,S92000003,2020,03,NonClinicalCapacityReasonQF,r
1112,202004,S92000003,2020,04,NonClinicalCapacityReasonQF,0
1113,202005,S92000003,2020,05,NonClinicalCapacityReasonQF,0
1114,202006,S92000003,2020,06,NonClinicalCapacityReasonQF,0
1115,202007,S92000003,2020,07,NonClinicalCapacityReasonQF,r
1116,202008,S92000003,2020,08,NonClinicalCapacityReasonQF,r
1117,202009,S92000003,2020,09,NonClinicalCapacityReasonQF,0
1118,202010,S92000003,2020,10,NonClinicalCapacityReasonQF,r
1119,202011,S92000003,2020,11,NonClinicalCapacityReasonQF,r
1120,202012,S92000003,2020,12,NonClinicalCapacityReasonQF,r
1121,202101,S92000003,2021,01,NonClinicalCapacityReasonQF,r
1122,202102,S92000003,2021,02,NonClinicalCapacityReasonQF,r
1123,202103,S92000003,2021,03,NonClinicalCapacityReasonQF,r
1124,202104,S92000003,2021,04,NonClinicalCapacityReasonQF,r
1125,202105,S92000003,2021,05,NonClinicalCapacityReasonQF,0
1126,202106,S92000003,2021,06,NonClinicalCapacityReasonQF,r
1127,202107,S92000003,2021,07,NonClinicalCapacityReasonQF,r
1128,202108,S92000003,2021,08,NonClinicalCapacityReasonQF,r
1129,202109,S92000003,2021,09,NonClinicalCapacityReasonQF,r
1130,202110,S92000003,2021,10,NonClinicalCapacityReasonQF,r
1131,202111,S92000003,2021,11,NonClinicalCapacityReasonQF,r
1132,202112,S92000003,2021,12,NonClinicalCapacityReasonQF,0
1133,202201,S92000003,2022,01,NonClinicalCapacityReasonQF,r
1134,202202,S92000003,2022,02,NonClinicalCapacityReasonQF,r
1135,202203,S92000003,2022,03,NonClinicalCapacityReasonQF,r
1136,202204,S92000003,2022,04,NonClinicalCapacityReasonQF,r
1137,202205,S92000003,2022,05,NonClinicalCapacityReasonQF,r
1138,202206,S92000003,2022,06,NonClinicalCapacityReasonQF,r
1139,202207,S92000003,2022,07,NonClinicalCapacityReasonQF,r
1140,202208,S92000003,2022,08,NonClinicalCapacityReasonQF,r
1141,202209,S92000003,2022,09,NonClinicalCapacityReasonQF,r
1142,202210,S92000003,2022,10,NonClinicalCapacityReasonQF,r
1143,202211,S92000003,2022,11,NonClinicalCapacityReasonQF,r
1144,202212,S92000003,2022,12,NonClinicalCapacityReasonQF,r
1145,202301,S92000003,2023,01,NonClinicalCapacityReasonQF,r
1146,202302,S92000003,2023,02,NonClinicalCapacityReasonQF,r
1147,202303,S92000003,2023,03,NonClinicalCapacityReasonQF,r
1148,202304,S92000003,2023,04,NonClinicalCapacityReasonQF,r
1149,202305,S92000003,2023,05,NonClinicalCapacityReasonQF,r
1150,202306,S92000003,2023,06,NonClinicalCapacityReasonQF,r
1151,202307,S92000003,2023,07,NonClinicalCapacityReasonQF,r
1152,202308,S92000003,2023,08,NonClinicalCapacityReasonQF,r
1153,202309,S92000003,2023,09,NonClinicalCapacityReasonQF,r
1154,202310,S92000003,2023,10,NonClinicalCapacityReasonQF,r
1155,202311,S92000003,2023,11,NonClinicalCapacityReasonQF,r
1156,202312,S92000003,2023,12,NonClinicalCapacityReasonQF,r
1157,202401,S92000003,2024,01,NonClinicalCapacityReasonQF,r
1158,202402,S92000003,2024,02,NonClinicalCapacityReasonQF,r
1159,202403,S92000003,2024,03,NonClinicalCapacityReasonQF,r
1160,202404,S92000003,2024,04,NonClinicalCapacityReasonQF,r
1161,202405,S92000003,2024,05,NonClinicalCapacityReasonQF,r
1162,202406,S92000003,2024,06,NonClinicalCapacityReasonQF,r
1163,202407,S92000003,2024,07,NonClinicalCapacityReasonQF,r
1164,202408,S92000003,2024,08,NonClinicalCapacityReasonQF,0
1165,202409,S92000003,2024,09,NonClinicalCapacityReasonQF,0
1166,202410,S92000003,2024,10,NonClinicalCapacityReasonQF,0
1167,202411,S92000003,2024,11,NonClinicalCapacityReasonQF,0
1168,202412,S92000003,2024,12,NonClinicalCapacityReasonQF,0
1169,202501,S92000003,2025,01,NonClinicalCapacityReasonQF,0
1170,201505,S92000003,2015,05,OtherReason,262
1171,201506,S92000003,2015,06,OtherReason,287
1172,201507,S92000003,2015,07,OtherReason,248
1173,201508,S92000003,2015,08,OtherReason,147
1174,201509,S92000003,2015,09,OtherReason,172
1175,201510,S92000003,2015,10,OtherReason,195
1176,201511,S92000003,2015,11,OtherReason,153
1177,201512,S92000003,2015,12,OtherReason,128
1178,201601,S92000003,2016,01,OtherReason,126
1179,201602,S92000003,2016,02,OtherReason,142
1180,201603,S92000003,2016,03,OtherReason,141
1181,201604,S92000003,2016,04,OtherReason,129
1182,201605,S92000003,2016,05,OtherReason,134
1183,201606,S92000003,2016,06,OtherReason,168
1184,201607,S92000003,2016,07,OtherReason,107
1185,201608,S92000003,2016,08,OtherReason,112
1186,201609,S92000003,2016,09,OtherReason,129
1187,201610,S92000003,2016,10,OtherReason,136
1188,201611,S92000003,2016,11,OtherReason,108
1189,201612,S92000003,2016,12,OtherReason,90
1190,201701,S92000003,2017,01,OtherReason,83
1191,201702,S92000003,2017,02,OtherReason,79
1192,201703,S92000003,2017,03,OtherReason,92
1193,201704,S92000003,2017,04,OtherReason,86
1194,201705,S92000003,2017,05,OtherReason,65
1195,201706,S92000003,2017,06,OtherReason,60
1196,201707,S92000003,2017,07,OtherReason,46
1197,201708,S92000003,2017,08,OtherReason,75
1198,201709,S92000003,2017,09,OtherReason,86
1199,201710,S92000003,2017,10,OtherReason,67
1200,201711,S92000003,2017,11,OtherReason,78
1201,201712,S92000003,2017,12,OtherReason,85
1202,201801,S92000003,2018,01,OtherReason,107
1203,201802,S92000003,2018,02,OtherReason,198
1204,201803,S92000003,2018,03,OtherReason,421
1205,201804,S92000003,2018,04,OtherReason,57
1206,201805,S92000003,2018,05,OtherReason,69
1207,201806,S92000003,2018,06,OtherReason,71
1208,201807,S92000003,2018,07,OtherReason,77
1209,201808,S92000003,2018,08,OtherReason,106
1210,201809,S92000003,2018,09,OtherReason,81
1211,201810,S92000003,2018,10,OtherReason,135
1212,201811,S92000003,2018,11,OtherReason,88
1213,201812,S92000003,2018,12,OtherReason,59
1214,201901,S92000003,2019,01,OtherReason,147
1215,201902,S92000003,2019,02,OtherReason,131
1216,201903,S92000003,2019,03,OtherReason,119
1217,201904,S92000003,2019,04,OtherReason,62
1218,201905,S92000003,2019,05,OtherReason,80
1219,201906,S92000003,2019,06,OtherReason,91
1220,201907,S92000003,2019,07,OtherReason,80
1221,201908,S92000003,2019,08,OtherReason,106
1222,201909,S92000003,2019,09,OtherReason,92
1223,201910,S92000003,2019,10,OtherReason,84
1224,201911,S92000003,2019,11,OtherReason,91
1225,201912,S92000003,2019,12,OtherReason,80
1226,202001,S92000003,2020,01,OtherReason,134
1227,202002,S92000003,2020,02,OtherReason,92
1228,202003,S92000003,2020,03,OtherReason,114
1229,202004,S92000003,2020,04,OtherReason,34
1230,202005,S92000003,2020,05,OtherReason,15
1231,202006,S92000003,2020,06,OtherReason,32
1232,202007,S92000003,2020,07,OtherReason,25
1233,202008,S92000003,2020,08,OtherReason,62
1234,202009,S92000003,2020,09,OtherReason,55
1235,202010,S92000003,2020,10,OtherReason,52
1236,202011,S92000003,2020,11,OtherReason,67
1237,202012,S92000003,2020,12,OtherReason,46
1238,202101,S92000003,2021,01,OtherReason,64
1239,202102,S92000003,2021,02,OtherReason,54
1240,202103,S92000003,2021,03,OtherReason,39
1241,202104,S92000003,2021,04,OtherReason,51
1242,202105,S92000003,2021,05,OtherReason,38
1243,202106,S92000003,2021,06,OtherReason,81
1244,202107,S92000003,2021,07,OtherReason,97
1245,202108,S92000003,2021,08,OtherReason,81
1246,202109,S92000003,2021,09,OtherReason,96
1247,202110,S92000003,2021,10,OtherReason,46
1248,202111,S92000003,2021,11,OtherReason,61
1249,202112,S92000003,2021,12,OtherReason,65
1250,202201,S92000003,2022,01,OtherReason,83
1251,202202,S92000003,2022,02,OtherReason,84
1252,202203,S92000003,2022,03,OtherReason,73
1253,202204,S92000003,2022,04,OtherReason,72
1254,202205,S92000003,2022,05,OtherReason,92
1255,202206,S92000003,2022,06,OtherReason,103
1256,202207,S92000003,2022,07,OtherReason,92
1257,202208,S92000003,2022,08,OtherReason,117
1258,202209,S92000003,2022,09,OtherReason,78
1259,202210,S92000003,2022,10,OtherReason,78
1260,202211,S92000003,2022,11,OtherReason,126
1261,202212,S92000003,2022,12,OtherReason,135
1262,202301,S92000003,2023,01,OtherReason,57
1263,202302,S92000003,2023,02,OtherReason,76
1264,202303,S92000003,2023,03,OtherReason,91
1265,202304,S92000003,2023,04,OtherReason,76
1266,202305,S92000003,2023,05,OtherReason,62
1267,202306,S92000003,2023,06,OtherReason,90
1268,202307,S92000003,2023,07,OtherReason,79
1269,202308,S92000003,2023,08,OtherReason,93
1270,202309,S92000003,2023,09,OtherReason,74
1271,202310,S92000003,2023,10,OtherReason,123
1272,202311,S92000003,2023,11,OtherReason,124
1273,202312,S92000003,2023,12,OtherReason,81
1274,202401,S92000003,2024,01,OtherReason,149
1275,202402,S92000003,2024,02,OtherReason,95
1276,202403,S92000003,2024,03,OtherReason,82
1277,202404,S92000003,2024,04,OtherReason,52
1278,202405,S92000003,2024,05,OtherReason,53
1279,202406,S92000003,2024,06,OtherReason,58
1280,202407,S92000003,2024,07,OtherReason,93
1281,202408,S92000003,2024,08,OtherReason,59
1282,202409,S92000003,2024,09,OtherReason,86
1283,202410,S92000003,2024,10,OtherReason,59
1284,202411,S92000003,2024,11,OtherReason,95
1285,202412,S92000003,2024,12,OtherReason,64
1286,202501,S92000003,2025,01,OtherReason,195
1287,201505,S92000003,2015,05,OtherReasonQF,0
1288,201506,S92000003,2015,06,OtherReasonQF,0
1289,201507,S92000003,2015,07,OtherReasonQF,0
1290,201508,S92000003,2015,08,OtherReasonQF,0
1291,201509,S92000003,2015,09,OtherReasonQF,0
1292,201510,S92000003,2015,10,OtherReasonQF,0
1293,201511,S92000003,2015,11,OtherReasonQF,0
1294,201512,S92000003,2015,12,OtherReasonQF,0
1295,201601,S92000003,2016,01,OtherReasonQF,0
1296,201602,S92000003,2016,02,OtherReasonQF,0
1297,201603,S92000003,2016,03,OtherReasonQF,0
1298,201604,S92000003,2016,04,OtherReasonQF,0
1299,201605,S92000003,2016,05,OtherReasonQF,0
1300,201606,S92000003,2016,06,OtherReasonQF,0
1301,201607,S92000003,2016,07,OtherReasonQF,0
1302,201608,S92000003,2016,08,OtherReasonQF,0
1303,201609,S92000003,2016,09,OtherReasonQF,0
1304,201610,S92000003,2016,10,OtherReasonQF,0
1305,201611,S92000003,2016,11,OtherReasonQF,0
1306,201612,S92000003,2016,12,OtherReasonQF,0
1307,201701,S92000003,2017,01,OtherReasonQF,0
1308,201702,S92000003,2017,02,OtherReasonQF,0
1309,201703,S92000003,2017,03,OtherReasonQF,0
1310,201704,S92000003,2017,04,OtherReasonQF,0
1311,201705,S92000003,2017,05,OtherReasonQF,0
1312,201706,S92000003,2017,06,OtherReasonQF,0
1313,201707,S92000003,2017,07,OtherReasonQF,0
1314,201708,S92000003,2017,08,OtherReasonQF,r
1315,201709,S92000003,2017,09,OtherReasonQF,r
1316,201710,S92000003,2017,10,OtherReasonQF,r
1317,201711,S92000003,2017,11,OtherReasonQF,r
1318,201712,S92000003,2017,12,OtherReasonQF,r
1319,201801,S92000003,2018,01,OtherReasonQF,r
1320,201802,S92000003,2018,02,OtherReasonQF,r
1321,201803,S92000003,2018,03,OtherReasonQF,r
1322,201804,S92000003,2018,04,OtherReasonQF,r
1323,201805,S92000003,2018,05,OtherReasonQF,r
1324,201806,S92000003,2018,06,OtherReasonQF,r
1325,201807,S92000003,2018,07,OtherReasonQF,r
1326,201808,S92000003,2018,08,OtherReasonQF,r
1327,201809,S92000003,2018,09,OtherReasonQF,0
1328,201810,S92000003,2018,10,OtherReasonQF,0
1329,201811,S92000003,2018,11,OtherReasonQF,r
1330,201812,S92000003,2018,12,OtherReasonQF,r
1331,201901,S92000003,2019,01,OtherReasonQF,r
1332,201902,S92000003,2019,02,OtherReasonQF,r
1333,201903,S92000003,2019,03,OtherReasonQF,0
1334,201904,S92000003,2019,04,OtherReasonQF,r
1335,201905,S92000003,2019,05,OtherReasonQF,0
1336,201906,S92000003,2019,06,OtherReasonQF,0
1337,201907,S92000003,2019,07,OtherReasonQF,r
1338,201908,S92000003,2019,08,OtherReasonQF,r
1339,201909,S92000003,2019,09,OtherReasonQF,r
1340,201910,S92000003,2019,10,OtherReasonQF,r
1341,201911,S92000003,2019,11,OtherReasonQF,0
1342,201912,S92000003,2019,12,OtherReasonQF,r
1343,202001,S92000003,2020,01,OtherReasonQF,r
1344,202002,S92000003,2020,02,OtherReasonQF,0
1345,202003,S92000003,2020,03,OtherReasonQF,r
1346,202004,S92000003,2020,04,OtherReasonQF,0
1347,202005,S92000003,2020,05,OtherReasonQF,0
1348,202006,S92000003,2020,06,OtherReasonQF,r
1349,202007,S92000003,2020,07,OtherReasonQF,r
1350,202008,S92000003,2020,08,OtherReasonQF,r
1351,202009,S92000003,2020,09,OtherReasonQF,0
1352,202010,S92000003,2020,10,OtherReasonQF,0
1353,202011,S92000003,2020,11,OtherReasonQF,0
1354,202012,S92000003,2020,12,OtherReasonQF,0
1355,202101,S92000003,2021,01,OtherReasonQF,r
1356,202102,S92000003,2021,02,OtherReasonQF,r
1357,202103,S92000003,2021,03,OtherReasonQF,0
1358,202104,S92000003,2021,04,OtherReasonQF,r
1359,202105,S92000003,2021,05,OtherReasonQF,r
1360,202106,S92000003,2021,06,OtherReasonQF,r
1361,202107,S92000003,2021,07,OtherReasonQF,r
1362,202108,S92000003,2021,08,OtherReasonQF,r
1363,202109,S92000003,2021,09,OtherReasonQF,r
1364,202110,S92000003,2021,10,OtherReasonQF,0
1365,202111,S92000003,2021,11,OtherReasonQF,0
1366,202112,S92000003,2021,12,OtherReasonQF,r
1367,202201,S92000003,2022,01,OtherReasonQF,0
1368,202202,S92000003,2022,02,OtherReasonQF,0
1369,202203,S92000003,2022,03,OtherReasonQF,0
1370,202204,S92000003,2022,04,OtherReasonQF,r
1371,202205,S92000003,2022,05,OtherReasonQF,r
1372,202206,S92000003,2022,06,OtherReasonQF,r
1373,202207,S92000003,2022,07,OtherReasonQF,r
1374,202208,S92000003,2022,08,OtherReasonQF,r
1375,202209,S92000003,2022,09,OtherReasonQF,r
1376,202210,S92000003,2022,10,OtherReasonQF,r
1377,202211,S92000003,2022,11,OtherReasonQF,r
1378,202212,S92000003,2022,12,OtherReasonQF,r
1379,202301,S92000003,2023,01,OtherReasonQF,r
1380,202302,S92000003,2023,02,OtherReasonQF,r
1381,202303,S92000003,2023,03,OtherReasonQF,r
1382,202304,S92000003,2023,04,OtherReasonQF,r
1383,202305,S92000003,2023,05,OtherReasonQF,r
1384,202306,S92000003,2023,06,OtherReasonQF,r
1385,202307,S92000003,2023,07,OtherReasonQF,r
1386,202308,S92000003,2023,08,OtherReasonQF,r
1387,202309,S92000003,2023,09,OtherReasonQF,r
1388,202310,S92000003,2023,10,OtherReasonQF,r
1389,202311,S92000003,2023,11,OtherReasonQF,r
1390,202312,S92000003,2023,12,OtherReasonQF,r
1391,202401,S92000003,2024,01,OtherReasonQF,r
1392,202402,S92000003,2024,02,OtherReasonQF,r
1393,202403,S92000003,2024,03,OtherReasonQF,r
1394,202404,S92000003,2024,04,OtherReasonQF,r
1395,202405,S92000003,2024,05,OtherReasonQF,r
1396,202406,S92000003,2024,06,OtherReasonQF,0
1397,202407,S92000003,2024,07,OtherReasonQF,r
1398,202408,S92000003,2024,08,OtherReasonQF,0
1399,202409,S92000003,2024,09,OtherReasonQF,0
1400,202410,S92000003,2024,10,OtherReasonQF,0
1401,202411,S92000003,2024,11,OtherReasonQF,0
1402,202412,S92000003,2024,12,OtherReasonQF,0
1403,202501,S92000003,2025,01,OtherReasonQF,0
1404,201505,S92000003,2015,05,UnknownReason,0
1405,201506,S92000003,2015,06,UnknownReason,0
1406,201507,S92000003,2015,07,UnknownReason,0
1407,201508,S92000003,2015,08,UnknownReason,0
1408,201509,S92000003,2015,09,UnknownReason,0
1409,201510,S92000003,2015,10,UnknownReason,0
1410,201511,S92000003,2015,11,UnknownReason,0
1411,201512,S92000003,2015,12,UnknownReason,0
1412,201601,S92000003,2016,01,UnknownReason,0
1413,201602,S92000003,2016,02,UnknownReason,0
1414,201603,S92000003,2016,03,UnknownReason,0
1415,201604,S92000003,2016,04,UnknownReason,0
1416,201605,S92000003,2016,05,UnknownReason,0
1417,201606,S92000003,2016,06,UnknownReason,0
1418,201607,S92000003,2016,07,UnknownReason,0
1419,201608,S92000003,2016,08,UnknownReason,0
1420,201609,S92000003,2016,09,UnknownReason,0
1421,201610,S92000003,2016,10,UnknownReason,0
1422,201611,S92000003,2016,11,UnknownReason,0
1423,201612,S92000003,2016,12,UnknownReason,0
1424,201701,S92000003,2017,01,UnknownReason,0
1425,201702,S92000003,2017,02,UnknownReason,0
1426,201703,S92000003,2017,03,UnknownReason,0
1427,201704,S92000003,2017,04,UnknownReason,0
1428,201705,S92000003,2017,05,UnknownReason,0
1429,201706,S92000003,2017,06,UnknownReason,0
1430,201707,S92000003,2017,07,UnknownReason,0
1431,201708,S92000003,2017,08,UnknownReason,0
1432,201709,S92000003,2017,09,UnknownReason,0
1433,201710,S92000003,2017,10,UnknownReason,0
1434,201711,S92000003,2017,11,UnknownReason,0
1435,201712,S92000003,2017,12,UnknownReason,0
1436,201801,S92000003,2018,01,UnknownReason,0
1437,201802,S92000003,2018,02,UnknownReason,0
1438,201803,S92000003,2018,03,UnknownReason,0
1439,201804,S92000003,2018,04,UnknownReason,0
1440,201805,S92000003,2018,05,UnknownReason,0
1441,201806,S92000003,2018,06,UnknownReason,0
1442,201807,S92000003,2018,07,UnknownReason,0
1443,201808,S92000003,2018,08,UnknownReason,0
1444,201809,S92000003,2018,09,UnknownReason,0
1445,201810,S92000003,2018,10,UnknownReason,0
1446,201811,S92000003,2018,11,UnknownReason,0
1447,201812,S92000003,2018,12,UnknownReason,0
1448,201901,S92000003,2019,01,UnknownReason,0
1449,201902,S92000003,2019,02,UnknownReason,0
1450,201903,S92000003,2019,03,UnknownReason,0
1451,201904,S92000003,2019,04,UnknownReason,0
1452,201905,S92000003,2019,05,UnknownReason,0
1453,201906,S92000003,2019,06,UnknownReason,0
1454,201907,S92000003,2019,07,UnknownReason,0
1455,201908,S92000003,2019,08,UnknownReason,0
1456,201909,S92000003,2019,09,UnknownReason,0
1457,201910,S92000003,2019,10,UnknownReason,0
1458,201911,S92000003,2019,11,UnknownReason,0
1459,201912,S92000003,2019,12,UnknownReason,0
1460,202001,S92000003,2020,01,UnknownReason,0
1461,202002,S92000003,2020,02,UnknownReason,0
1462,202003,S92000003,2020,03,UnknownReason,0
1463,202004,S92000003,2020,04,UnknownReason,0
1464,202005,S92000003,2020,05,UnknownReason,0
1465,202006,S92000003,2020,06,UnknownReason,0
1466,202007,S92000003,2020,07,UnknownReason,0
1467,202008,S92000003,2020,08,UnknownReason,0
1468,202009,S92000003,2020,09,UnknownReason,0
1469,202010,S92000003,2020,10,UnknownReason,0
1470,202011,S92000003,2020,11,UnknownReason,0
1471,202012,S92000003,2020,12,UnknownReason,0
1472,202101,S92000003,2021,01,UnknownReason,0
1473,202102,S92000003,2021,02,UnknownReason,0
1474,202103,S92000003,2021,03,UnknownReason,0
1475,202104,S92000003,2021,04,UnknownReason,0
1476,202105,S92000003,2021,05,UnknownReason,0
1477,202106,S92000003,2021,06,UnknownReason,0
1478,202107,S92000003,2021,07,UnknownReason,0
1479,202108,S92000003,2021,08,UnknownReason,0
1480,202109,S92000003,2021,09,UnknownReason,0
1481,202110,S92000003,2021,10,UnknownReason,0
1482,202111,S92000003,2021,11,UnknownReason,0
1483,202112,S92000003,2021,12,UnknownReason,0
1484,202201,S92000003,2022,01,UnknownReason,0
1485,202202,S92000003,2022,02,UnknownReason,0
1486,202203,S92000003,2022,03,UnknownReason,0
1487,202204,S92000003,2022,04,UnknownReason,46
1488,202205,S92000003,2022,05,UnknownReason,45
1489,202206,S92000003,2022,06,UnknownReason,54
1490,202207,S92000003,2022,07,UnknownReason,40
1491,202208,S92000003,2022,08,UnknownReason,34
1492,202209,S92000003,2022,09,UnknownReason,25
1493,202210,S92000003,2022,10,UnknownReason,32
1494,202211,S92000003,2022,11,UnknownReason,49
1495,202212,S92000003,2022,12,UnknownReason,59
1496,202301,S92000003,2023,01,UnknownReason,50
1497,202302,S92000003,2023,02,UnknownReason,42
1498,202303,S92000003,2023,03,UnknownReason,35
1499,202304,S92000003,2023,04,UnknownReason,31
1500,202305,S92000003,2023,05,UnknownReason,39
1501,202306,S92000003,2023,06,UnknownReason,20
1502,202307,S92000003,2023,07,UnknownReason,25
1503,202308,S92000003,2023,08,UnknownReason,59
1504,202309,S92000003,2023,09,UnknownReason,35
1505,202310,S92000003,2023,10,UnknownReason,44
1506,202311,S92000003,2023,11,UnknownReason,34
1507,202312,S92000003,2023,12,UnknownReason,33
1508,202401,S92000003,2024,01,UnknownReason,58
1509,202402,S92000003,2024,02,UnknownReason,42
1510,202403,S92000003,2024,03,UnknownReason,13
1511,202404,S92000003,2024,04,UnknownReason,26
1512,202405,S92000003,2024,05,UnknownReason,21
1513,202406,S92000003,2024,06,UnknownReason,0
1514,202407,S92000003,2024,07,UnknownReason,0
1515,202408,S92000003,2024,08,UnknownReason,0
1516,202409,S92000003,2024,09,UnknownReason,0
1517,202410,S92000003,2024,10,UnknownReason,0
1518,202411,S92000003,2024,11,UnknownReason,0
1519,202412,S92000003,2024,12,UnknownReason,0
1520,202501,S92000003,2025,01,UnknownReason,0
1521,201505,S92000003,2015,05,UnknownReasonQF,0
1522,201506,S92000003,2015,06,UnknownReasonQF,0
1523,201507,S92000003,2015,07,UnknownReasonQF,0
1524,201508,S92000003,2015,08,UnknownReasonQF,0
1525,201509,S92000003,2015,09,UnknownReasonQF,0
1526,201510,S92000003,2015,10,UnknownReasonQF,0
1527,201511,S92000003,2015,11,UnknownReasonQF,0
1528,201512,S92000003,2015,12,UnknownReasonQF,0
1529,201601,S92000003,2016,01,UnknownReasonQF,0
1530,201602,S92000003,2016,02,UnknownReasonQF,0
1531,201603,S92000003,2016,03,UnknownReasonQF,0
1532,201604,S92000003,2016,04,UnknownReasonQF,0
1533,201605,S92000003,2016,05,UnknownReasonQF,0
1534,201606,S92000003,2016,06,UnknownReasonQF,0
1535,201607,S92000003,2016,07,UnknownReasonQF,0
1536,201608,S92000003,2016,08,UnknownReasonQF,0
1537,201609,S92000003,2016,09,UnknownReasonQF,0
1538,201610,S92000003,2016,10,UnknownReasonQF,0
1539,201611,S92000003,2016,11,UnknownReasonQF,0
1540,201612,S92000003,2016,12,UnknownReasonQF,0
1541,201701,S92000003,2017,01,UnknownReasonQF,0
1542,201702,S92000003,2017,02,UnknownReasonQF,0
1543,201703,S92000003,2017,03,UnknownReasonQF,0
1544,201704,S92000003,2017,04,UnknownReasonQF,0
1545,201705,S92000003,2017,05,UnknownReasonQF,0
1546,201706,S92000003,2017,06,UnknownReasonQF,0
1547,201707,S92000003,2017,07,UnknownReasonQF,0
1548,201708,S92000003,2017,08,UnknownReasonQF,0
1549,201709,S92000003,2017,09,UnknownReasonQF,0
1550,201710,S92000003,2017,10,UnknownReasonQF,0
1551,201711,S92000003,2017,11,UnknownReasonQF,0
1552,201712,S92000003,2017,12,UnknownReasonQF,0
1553,201801,S92000003,2018,01,UnknownReasonQF,0
1554,201802,S92000003,2018,02,UnknownReasonQF,0
1555,201803,S92000003,2018,03,UnknownReasonQF,0
1556,201804,S92000003,2018,04,UnknownReasonQF,0
1557,201805,S92000003,2018,05,UnknownReasonQF,0
1558,201806,S92000003,2018,06,UnknownReasonQF,0
1559,201807,S92000003,2018,07,UnknownReasonQF,0
1560,201808,S92000003,2018,08,UnknownReasonQF,0
1561,201809,S92000003,2018,09,UnknownReasonQF,0
1562,201810,S92000003,2018,10,UnknownReasonQF,0
1563,201811,S92000003,2018,11,UnknownReasonQF,0
1564,201812,S92000003,2018,12,UnknownReasonQF,0
1565,201901,S92000003,2019,01,UnknownReasonQF,0
1566,201902,S92000003,2019,02,UnknownReasonQF,0
1567,201903,S92000003,2019,03,UnknownReasonQF,0
1568,201904,S92000003,2019,04,UnknownReasonQF,0
1569,201905,S92000003,2019,05,UnknownReasonQF,0
1570,201906,S92000003,2019,06,UnknownReasonQF,0
1571,201907,S92000003,2019,07,UnknownReasonQF,0
1572,201908,S92000003,2019,08,UnknownReasonQF,0
1573,201909,S92000003,2019,09,UnknownReasonQF,0
1574,201910,S92000003,2019,10,UnknownReasonQF,0
1575,201911,S92000003,2019,11,UnknownReasonQF,0
1576,201912,S92000003,2019,12,UnknownReasonQF,0
1577,202001,S92000003,2020,01,UnknownReasonQF,0
1578,202002,S92000003,2020,02,UnknownReasonQF,0
1579,202003,S92000003,2020,03,UnknownReasonQF,0
1580,202004,S92000003,2020,04,UnknownReasonQF,0
1581,202005,S92000003,2020,05,UnknownReasonQF,0
1582,202006,S92000003,2020,06,UnknownReasonQF,0
1583,202007,S92000003,2020,07,UnknownReasonQF,0
1584,202008,S92000003,2020,08,UnknownReasonQF,0
1585,202009,S92000003,2020,09,UnknownReasonQF,0
1586,202010,S92000003,2020,10,UnknownReasonQF,0
1587,202011,S92000003,2020,11,UnknownReasonQF,0
1588,202012,S92000003,2020,12,UnknownReasonQF,0
1589,202101,S92000003,2021,01,UnknownReasonQF,0
1590,202102,S92000003,2021,02,UnknownReasonQF,0
1591,202103,S92000003,2021,03,UnknownReasonQF,0
1592,202104,S92000003,2021,04,UnknownReasonQF,0
1593,202105,S92000003,2021,05,UnknownReasonQF,0
1594,202106,S92000003,2021,06,UnknownReasonQF,0
1595,202107,S92000003,2021,07,UnknownReasonQF,0
1596,202108,S92000003,2021,08,UnknownReasonQF,0
1597,202109,S92000003,2021,09,UnknownReasonQF,0
1598,202110,S92000003,2021,10,UnknownReasonQF,0
1599,202111,S92000003,2021,11,UnknownReasonQF,0
1600,202112,S92000003,2021,12,UnknownReasonQF,0
1601,202201,S92000003,2022,01,UnknownReasonQF,0
1602,202202,S92000003,2022,02,UnknownReasonQF,0
1603,202203,S92000003,2022,03,UnknownReasonQF,0
1604,202204,S92000003,2022,04,UnknownReasonQF,r
1605,202205,S92000003,2022,05,UnknownReasonQF,r
1606,202206,S92000003,2022,06,UnknownReasonQF,r
1607,202207,S92000003,2022,07,UnknownReasonQF,r
1608,202208,S92000003,2022,08,UnknownReasonQF,r
1609,202209,S92000003,2022,09,UnknownReasonQF,r
1610,202210,S92000003,2022,10,UnknownReasonQF,r
1611,202211,S92000003,2022,11,UnknownReasonQF,r
1612,202212,S92000003,2022,12,UnknownReasonQF,r
1613,202301,S92000003,2023,01,UnknownReasonQF,r
1614,202302,S92000003,2023,02,UnknownReasonQF,r
1615,202303,S92000003,2023,03,UnknownReasonQF,r
1616,202304,S92000003,2023,04,UnknownReasonQF,r
1617,202305,S92000003,2023,05,UnknownReasonQF,r
1618,202306,S92000003,2023,06,UnknownReasonQF,r
1619,202307,S92000003,2023,07,UnknownReasonQF,r
1620,202308,S92000003,2023,08,UnknownReasonQF,r
1621,202309,S92000003,2023,09,UnknownReasonQF,r
1622,202310,S92000003,2023,10,UnknownReasonQF,r
1623,202311,S92000003,2023,11,UnknownReasonQF,r
1624,202312,S92000003,2023,12,UnknownReasonQF,r
1625,202401,S92000003,2024,01,UnknownReasonQF,r
1626,202402,S92000003,2024,02,UnknownReasonQF,r
1627,202403,S92000003,2024,03,UnknownReasonQF,r
1628,202404,S92000003,2024,04,UnknownReasonQF,r
1629,202405,S92000003,2024,05,UnknownReasonQF,r
1630,202406,S92000003,2024,06,UnknownReasonQF,0
1631,202407,S92000003,2024,07,UnknownReasonQF,0
1632,202408,S92000003,2024,08,UnknownReasonQF,0
1633,202409,S92000003,2024,09,UnknownReasonQF,0
1634,202410,S92000003,2024,10,UnknownReasonQF,0
1635,202411,S92000003,2024,11,UnknownReasonQF,0
1636,202412,S92000003,2024,12,UnknownReasonQF,0
1637,202501,S92000003,2025,01,UnknownReasonQF,0
